timestamp,market_slug,outcome,best_bid,best_ask,mid,spread
1767715207.77183,btc-updown-15m-1767715200,UP,0.51,0.5,0.505,-0.010000000000000009
1767715208.112363,btc-updown-15m-1767715200,DOWN,0.51,0.5,0.505,-0.010000000000000009
1767715209.451052,btc-updown-15m-1767715200,UP,0.51,0.5,0.505,-0.010000000000000009
1767715209.451325,btc-updown-15m-1767715200,DOWN,0.48,0.47,0.475,-0.010000000000000009
1767715210.7880871,btc-updown-15m-1767715200,DOWN,0.5,0.49,0.495,-0.010000000000000009
1767715210.791397,btc-updown-15m-1767715200,UP,0.51,0.5,0.505,-0.010000000000000009
1767715212.138058,btc-updown-15m-1767715200,UP,0.52,0.51,0.515,-0.010000000000000009
1767715212.138529,btc-updown-15m-1767715200,DOWN,0.49,0.48,0.485,-0.010000000000000009
1767715213.528654,btc-updown-15m-1767715200,UP,0.54,0.53,0.535,-0.010000000000000009
1767715213.528695,btc-updown-15m-1767715200,DOWN,0.47,0.46,0.46499999999999997,-0.009999999999999953
1767715214.860325,btc-updown-15m-1767715200,DOWN,0.46,0.45,0.455,-0.010000000000000009
1767715214.8606179,btc-updown-15m-1767715200,UP,0.55,0.54,0.545,-0.010000000000000009
1767715216.1872709,btc-updown-15m-1767715200,DOWN,0.46,0.45,0.455,-0.010000000000000009
1767715216.209599,btc-updown-15m-1767715200,UP,0.55,0.54,0.545,-0.010000000000000009
1767715217.558149,btc-updown-15m-1767715200,DOWN,0.47,0.46,0.46499999999999997,-0.009999999999999953
1767715217.558325,btc-updown-15m-1767715200,UP,0.54,0.53,0.535,-0.010000000000000009
1767715219.032042,btc-updown-15m-1767715200,UP,0.56,0.55,0.555,-0.010000000000000009
1767715219.032432,btc-updown-15m-1767715200,DOWN,0.45,0.44,0.445,-0.010000000000000009
1767715220.386855,btc-updown-15m-1767715200,UP,0.56,0.55,0.555,-0.010000000000000009
1767715220.387381,btc-updown-15m-1767715200,DOWN,0.45,0.44,0.445,-0.010000000000000009
1767715221.7406652,btc-updown-15m-1767715200,DOWN,0.46,0.45,0.455,-0.010000000000000009
1767715221.74077,btc-updown-15m-1767715200,UP,0.56,0.54,0.55,-0.020000000000000018
1767715223.08255,btc-updown-15m-1767715200,DOWN,0.46,0.45,0.455,-0.010000000000000009
1767715223.082655,btc-updown-15m-1767715200,UP,0.55,0.54,0.545,-0.010000000000000009
1767715224.437458,btc-updown-15m-1767715200,UP,0.52,0.51,0.515,-0.010000000000000009
1767715224.437771,btc-updown-15m-1767715200,DOWN,0.49,0.48,0.485,-0.010000000000000009
1767715225.799065,btc-updown-15m-1767715200,UP,0.52,0.51,0.515,-0.010000000000000009
1767715225.799454,btc-updown-15m-1767715200,DOWN,0.49,0.48,0.485,-0.010000000000000009
1767715227.1660008,btc-updown-15m-1767715200,DOWN,0.5,0.49,0.495,-0.010000000000000009
1767715227.166122,btc-updown-15m-1767715200,UP,0.51,0.5,0.505,-0.010000000000000009
1767715228.817736,btc-updown-15m-1767715200,DOWN,0.48,0.47,0.475,-0.010000000000000009
1767715228.817808,btc-updown-15m-1767715200,UP,0.53,0.52,0.525,-0.010000000000000009
1767715230.1691048,btc-updown-15m-1767715200,UP,0.56,0.55,0.555,-0.010000000000000009
1767715230.169464,btc-updown-15m-1767715200,DOWN,0.45,0.44,0.445,-0.010000000000000009
1767715231.611202,btc-updown-15m-1767715200,DOWN,0.45,0.44,0.445,-0.010000000000000009
1767715231.6113222,btc-updown-15m-1767715200,UP,0.56,0.55,0.555,-0.010000000000000009
1767715233.110393,btc-updown-15m-1767715200,UP,0.56,0.55,0.555,-0.010000000000000009
1767715233.1106079,btc-updown-15m-1767715200,DOWN,0.45,0.44,0.445,-0.010000000000000009
1767715234.4803479,btc-updown-15m-1767715200,UP,0.56,0.55,0.555,-0.010000000000000009
1767715234.480374,btc-updown-15m-1767715200,DOWN,0.45,0.44,0.445,-0.010000000000000009
1767715235.943778,btc-updown-15m-1767715200,DOWN,0.45,0.44,0.445,-0.010000000000000009
1767715235.94466,btc-updown-15m-1767715200,UP,0.56,0.55,0.555,-0.010000000000000009
1767715237.294564,btc-updown-15m-1767715200,UP,0.56,0.55,0.555,-0.010000000000000009
1767715237.2948549,btc-updown-15m-1767715200,DOWN,0.45,0.44,0.445,-0.010000000000000009
1767715238.6393971,btc-updown-15m-1767715200,UP,0.55,0.54,0.545,-0.010000000000000009
1767715238.639633,btc-updown-15m-1767715200,DOWN,0.46,0.45,0.455,-0.010000000000000009
1767715240.2319732,btc-updown-15m-1767715200,DOWN,0.46,0.45,0.455,-0.010000000000000009
1767715240.232181,btc-updown-15m-1767715200,UP,0.55,0.54,0.545,-0.010000000000000009
1767715241.5931299,btc-updown-15m-1767715200,DOWN,0.47,0.46,0.46499999999999997,-0.009999999999999953
1767715241.593329,btc-updown-15m-1767715200,UP,0.54,0.53,0.535,-0.010000000000000009
1767715242.9246552,btc-updown-15m-1767715200,DOWN,0.46,0.45,0.455,-0.010000000000000009
1767715242.92482,btc-updown-15m-1767715200,UP,0.55,0.54,0.545,-0.010000000000000009
1767715244.290625,btc-updown-15m-1767715200,UP,0.55,0.53,0.54,-0.020000000000000018
1767715244.29107,btc-updown-15m-1767715200,DOWN,0.47,0.45,0.45999999999999996,-0.019999999999999962
1767715245.727166,btc-updown-15m-1767715200,DOWN,0.46,0.45,0.455,-0.010000000000000009
1767715245.7273269,btc-updown-15m-1767715200,UP,0.55,0.54,0.545,-0.010000000000000009
1767715247.093442,btc-updown-15m-1767715200,UP,0.56,0.55,0.555,-0.010000000000000009
1767715247.125121,btc-updown-15m-1767715200,DOWN,0.45,0.44,0.445,-0.010000000000000009
1767715248.473761,btc-updown-15m-1767715200,UP,0.55,0.54,0.545,-0.010000000000000009
1767715248.474014,btc-updown-15m-1767715200,DOWN,0.46,0.45,0.455,-0.010000000000000009
1767715249.805505,btc-updown-15m-1767715200,DOWN,0.42,0.41,0.415,-0.010000000000000009
1767715249.8381839,btc-updown-15m-1767715200,UP,0.59,0.58,0.585,-0.010000000000000009
1767715251.1790771,btc-updown-15m-1767715200,DOWN,0.41,0.4,0.405,-0.009999999999999953
1767715251.179171,btc-updown-15m-1767715200,UP,0.6,0.59,0.595,-0.010000000000000009
1767715252.574094,btc-updown-15m-1767715200,UP,0.57,0.56,0.565,-0.009999999999999898
1767715252.574807,btc-updown-15m-1767715200,DOWN,0.44,0.43,0.435,-0.010000000000000009
1767715253.934914,btc-updown-15m-1767715200,DOWN,0.43,0.42,0.425,-0.010000000000000009
1767715253.9351811,btc-updown-15m-1767715200,UP,0.58,0.57,0.575,-0.010000000000000009
1767715255.272796,btc-updown-15m-1767715200,UP,0.59,0.58,0.585,-0.010000000000000009
1767715255.273122,btc-updown-15m-1767715200,DOWN,0.42,0.41,0.415,-0.010000000000000009
1767715256.610338,btc-updown-15m-1767715200,DOWN,0.4,0.39,0.395,-0.010000000000000009
1767715256.610558,btc-updown-15m-1767715200,UP,0.61,0.6,0.605,-0.010000000000000009
1767715258.253406,btc-updown-15m-1767715200,DOWN,0.39,0.38,0.385,-0.010000000000000009
1767715258.2537758,btc-updown-15m-1767715200,UP,0.62,0.61,0.615,-0.010000000000000009
1767715259.5878222,btc-updown-15m-1767715200,UP,0.63,0.61,0.62,-0.020000000000000018
1767715259.5883992,btc-updown-15m-1767715200,DOWN,0.39,0.37,0.38,-0.020000000000000018
1767715260.9393642,btc-updown-15m-1767715200,DOWN,0.39,0.38,0.385,-0.010000000000000009
1767715260.939747,btc-updown-15m-1767715200,UP,0.62,0.61,0.615,-0.010000000000000009
1767715262.4646468,btc-updown-15m-1767715200,DOWN,0.39,0.38,0.385,-0.010000000000000009
1767715262.465012,btc-updown-15m-1767715200,UP,0.62,0.61,0.615,-0.010000000000000009
1767715264.089878,btc-updown-15m-1767715200,UP,0.63,0.62,0.625,-0.010000000000000009
1767715264.090358,btc-updown-15m-1767715200,DOWN,0.38,0.37,0.375,-0.010000000000000009
1767715265.431675,btc-updown-15m-1767715200,UP,0.63,0.62,0.625,-0.010000000000000009
1767715265.431909,btc-updown-15m-1767715200,DOWN,0.38,0.37,0.375,-0.010000000000000009
1767715266.771313,btc-updown-15m-1767715200,UP,0.63,0.62,0.625,-0.010000000000000009
1767715266.786818,btc-updown-15m-1767715200,DOWN,0.38,0.37,0.375,-0.010000000000000009
1767715268.1784132,btc-updown-15m-1767715200,DOWN,0.38,0.37,0.375,-0.010000000000000009
1767715268.1787379,btc-updown-15m-1767715200,UP,0.63,0.62,0.625,-0.010000000000000009
1767715269.5309188,btc-updown-15m-1767715200,DOWN,0.38,0.37,0.375,-0.010000000000000009
1767715269.5317152,btc-updown-15m-1767715200,UP,0.63,0.62,0.625,-0.010000000000000009
1767715270.983031,btc-updown-15m-1767715200,DOWN,0.37,0.36,0.365,-0.010000000000000009
1767715270.9832199,btc-updown-15m-1767715200,UP,0.64,0.63,0.635,-0.010000000000000009
1767715272.325582,btc-updown-15m-1767715200,DOWN,0.37,0.36,0.365,-0.010000000000000009
1767715272.3259652,btc-updown-15m-1767715200,UP,0.64,0.63,0.635,-0.010000000000000009
1767715273.659937,btc-updown-15m-1767715200,DOWN,0.34,0.33,0.335,-0.010000000000000009
1767715273.734165,btc-updown-15m-1767715200,UP,0.67,0.66,0.665,-0.010000000000000009
1767715275.093405,btc-updown-15m-1767715200,DOWN,0.35,0.34,0.345,-0.009999999999999953
1767715275.093697,btc-updown-15m-1767715200,UP,0.66,0.65,0.655,-0.010000000000000009
1767715276.453119,btc-updown-15m-1767715200,UP,0.67,0.66,0.665,-0.010000000000000009
1767715276.453812,btc-updown-15m-1767715200,DOWN,0.34,0.33,0.335,-0.010000000000000009
1767715277.819948,btc-updown-15m-1767715200,DOWN,0.3,0.29,0.295,-0.010000000000000009
1767715277.821293,btc-updown-15m-1767715200,UP,0.71,0.7,0.705,-0.010000000000000009
1767715279.1748831,btc-updown-15m-1767715200,UP,0.65,0.64,0.645,-0.010000000000000009
1767715279.175549,btc-updown-15m-1767715200,DOWN,0.36,0.35,0.355,-0.010000000000000009
1767715280.504971,btc-updown-15m-1767715200,DOWN,0.4,0.39,0.395,-0.010000000000000009
1767715280.5051441,btc-updown-15m-1767715200,UP,0.61,0.6,0.605,-0.010000000000000009
1767715281.837373,btc-updown-15m-1767715200,DOWN,0.39,0.38,0.385,-0.010000000000000009
1767715281.837666,btc-updown-15m-1767715200,UP,0.62,0.61,0.615,-0.010000000000000009
1767715283.18852,btc-updown-15m-1767715200,UP,0.64,0.63,0.635,-0.010000000000000009
1767715283.188811,btc-updown-15m-1767715200,DOWN,0.37,0.36,0.365,-0.010000000000000009
1767715284.5342348,btc-updown-15m-1767715200,DOWN,0.38,0.37,0.375,-0.010000000000000009
1767715284.534592,btc-updown-15m-1767715200,UP,0.63,0.62,0.625,-0.010000000000000009
1767715285.879242,btc-updown-15m-1767715200,DOWN,0.39,0.38,0.385,-0.010000000000000009
1767715285.879359,btc-updown-15m-1767715200,UP,0.62,0.61,0.615,-0.010000000000000009
1767715287.419822,btc-updown-15m-1767715200,DOWN,0.4,0.39,0.395,-0.010000000000000009
1767715287.420129,btc-updown-15m-1767715200,UP,0.61,0.6,0.605,-0.010000000000000009
1767715288.781813,btc-updown-15m-1767715200,UP,0.58,0.57,0.575,-0.010000000000000009
1767715288.7822652,btc-updown-15m-1767715200,DOWN,0.44,0.42,0.43,-0.020000000000000018
1767715290.1670022,btc-updown-15m-1767715200,UP,0.56,0.55,0.555,-0.010000000000000009
1767715290.167574,btc-updown-15m-1767715200,DOWN,0.45,0.44,0.445,-0.010000000000000009
1767715291.611542,btc-updown-15m-1767715200,DOWN,0.45,0.44,0.445,-0.010000000000000009
1767715291.611974,btc-updown-15m-1767715200,UP,0.56,0.55,0.555,-0.010000000000000009
1767715292.95027,btc-updown-15m-1767715200,UP,0.54,0.53,0.535,-0.010000000000000009
1767715292.950499,btc-updown-15m-1767715200,DOWN,0.47,0.46,0.46499999999999997,-0.009999999999999953
1767715294.30675,btc-updown-15m-1767715200,UP,0.54,0.53,0.535,-0.010000000000000009
1767715294.3073049,btc-updown-15m-1767715200,DOWN,0.47,0.46,0.46499999999999997,-0.009999999999999953
1767715295.635206,btc-updown-15m-1767715200,UP,0.57,0.56,0.565,-0.009999999999999898
1767715295.644664,btc-updown-15m-1767715200,DOWN,0.44,0.43,0.435,-0.010000000000000009
1767715297.11278,btc-updown-15m-1767715200,DOWN,0.45,0.44,0.445,-0.010000000000000009
1767715297.113827,btc-updown-15m-1767715200,UP,0.56,0.55,0.555,-0.010000000000000009
1767715298.4692612,btc-updown-15m-1767715200,DOWN,0.45,0.44,0.445,-0.010000000000000009
1767715298.46961,btc-updown-15m-1767715200,UP,0.56,0.55,0.555,-0.010000000000000009
1767715299.807858,btc-updown-15m-1767715200,UP,0.56,0.55,0.555,-0.010000000000000009
1767715299.8083332,btc-updown-15m-1767715200,DOWN,0.45,0.44,0.445,-0.010000000000000009
1767715301.145731,btc-updown-15m-1767715200,UP,0.55,0.54,0.545,-0.010000000000000009
1767715301.146207,btc-updown-15m-1767715200,DOWN,0.46,0.45,0.455,-0.010000000000000009
1767715302.486484,btc-updown-15m-1767715200,UP,0.54,0.53,0.535,-0.010000000000000009
1767715302.4869068,btc-updown-15m-1767715200,DOWN,0.47,0.46,0.46499999999999997,-0.009999999999999953
1767715303.841233,btc-updown-15m-1767715200,DOWN,0.46,0.45,0.455,-0.010000000000000009
1767715303.841565,btc-updown-15m-1767715200,UP,0.55,0.54,0.545,-0.010000000000000009
1767715305.252643,btc-updown-15m-1767715200,DOWN,0.47,0.45,0.45999999999999996,-0.019999999999999962
1767715305.25334,btc-updown-15m-1767715200,UP,0.55,0.53,0.54,-0.020000000000000018
1767715306.8026612,btc-updown-15m-1767715200,DOWN,0.45,0.44,0.445,-0.010000000000000009
1767715306.8027132,btc-updown-15m-1767715200,UP,0.56,0.55,0.555,-0.010000000000000009
1767715308.139339,btc-updown-15m-1767715200,DOWN,0.4,0.39,0.395,-0.010000000000000009
1767715308.1403441,btc-updown-15m-1767715200,UP,0.61,0.6,0.605,-0.010000000000000009
1767715309.499944,btc-updown-15m-1767715200,DOWN,0.37,0.36,0.365,-0.010000000000000009
1767715309.5000992,btc-updown-15m-1767715200,UP,0.64,0.63,0.635,-0.010000000000000009
1767715310.8384519,btc-updown-15m-1767715200,UP,0.63,0.62,0.625,-0.010000000000000009
1767715310.838845,btc-updown-15m-1767715200,DOWN,0.38,0.37,0.375,-0.010000000000000009
1767715312.1851609,btc-updown-15m-1767715200,DOWN,0.38,0.37,0.375,-0.010000000000000009
1767715312.185502,btc-updown-15m-1767715200,UP,0.63,0.62,0.625,-0.010000000000000009
1767715313.539488,btc-updown-15m-1767715200,DOWN,0.37,0.36,0.365,-0.010000000000000009
1767715313.539629,btc-updown-15m-1767715200,UP,0.64,0.63,0.635,-0.010000000000000009
1767715314.887054,btc-updown-15m-1767715200,DOWN,0.35,0.34,0.345,-0.009999999999999953
1767715314.887365,btc-updown-15m-1767715200,UP,0.66,0.65,0.655,-0.010000000000000009
1767715316.239347,btc-updown-15m-1767715200,UP,0.68,0.67,0.675,-0.010000000000000009
1767715316.239636,btc-updown-15m-1767715200,DOWN,0.33,0.32,0.325,-0.010000000000000009
1767715317.801076,btc-updown-15m-1767715200,DOWN,0.38,0.37,0.375,-0.010000000000000009
1767715317.803743,btc-updown-15m-1767715200,UP,0.63,0.62,0.625,-0.010000000000000009
1767715319.312117,btc-updown-15m-1767715200,UP,0.59,0.58,0.585,-0.010000000000000009
1767715319.312542,btc-updown-15m-1767715200,DOWN,0.42,0.41,0.415,-0.010000000000000009
1767715320.6698081,btc-updown-15m-1767715200,UP,0.61,0.59,0.6,-0.020000000000000018
1767715320.670678,btc-updown-15m-1767715200,DOWN,0.41,0.39,0.4,-0.019999999999999962
1767715322.0614002,btc-updown-15m-1767715200,UP,0.62,0.61,0.615,-0.010000000000000009
1767715322.061576,btc-updown-15m-1767715200,DOWN,0.39,0.38,0.385,-0.010000000000000009
1767715323.407354,btc-updown-15m-1767715200,UP,0.66,0.65,0.655,-0.010000000000000009
1767715323.4075751,btc-updown-15m-1767715200,DOWN,0.35,0.34,0.345,-0.009999999999999953
1767715324.7684789,btc-updown-15m-1767715200,UP,0.67,0.66,0.665,-0.010000000000000009
1767715324.768715,btc-updown-15m-1767715200,DOWN,0.34,0.33,0.335,-0.010000000000000009
1767715326.1370509,btc-updown-15m-1767715200,UP,0.7,0.69,0.695,-0.010000000000000009
1767715326.137168,btc-updown-15m-1767715200,DOWN,0.31,0.3,0.305,-0.010000000000000009
1767715327.4801202,btc-updown-15m-1767715200,DOWN,0.33,0.32,0.325,-0.010000000000000009
1767715327.4808488,btc-updown-15m-1767715200,UP,0.68,0.67,0.675,-0.010000000000000009
1767715328.840788,btc-updown-15m-1767715200,UP,0.69,0.68,0.685,-0.009999999999999898
1767715328.84097,btc-updown-15m-1767715200,DOWN,0.32,0.31,0.315,-0.010000000000000009
1767715330.190922,btc-updown-15m-1767715200,UP,0.7,0.69,0.695,-0.010000000000000009
1767715330.191082,btc-updown-15m-1767715200,DOWN,0.31,0.3,0.305,-0.010000000000000009
1767715331.548188,btc-updown-15m-1767715200,UP,0.7,0.69,0.695,-0.010000000000000009
1767715331.548343,btc-updown-15m-1767715200,DOWN,0.31,0.3,0.305,-0.010000000000000009
1767715332.937632,btc-updown-15m-1767715200,DOWN,0.31,0.3,0.305,-0.010000000000000009
1767715332.9378612,btc-updown-15m-1767715200,UP,0.7,0.69,0.695,-0.010000000000000009
1767715334.2698398,btc-updown-15m-1767715200,DOWN,0.32,0.31,0.315,-0.010000000000000009
1767715334.270443,btc-updown-15m-1767715200,UP,0.69,0.68,0.685,-0.009999999999999898
1767715335.634232,btc-updown-15m-1767715200,UP,0.7,0.69,0.695,-0.010000000000000009
1767715335.634756,btc-updown-15m-1767715200,DOWN,0.31,0.3,0.305,-0.010000000000000009
1767715336.983088,btc-updown-15m-1767715200,UP,0.69,0.68,0.685,-0.009999999999999898
1767715336.983389,btc-updown-15m-1767715200,DOWN,0.32,0.31,0.315,-0.010000000000000009
1767715338.316452,btc-updown-15m-1767715200,UP,0.66,0.65,0.655,-0.010000000000000009
1767715338.316822,btc-updown-15m-1767715200,DOWN,0.35,0.34,0.345,-0.009999999999999953
1767715339.961298,btc-updown-15m-1767715200,DOWN,0.37,0.36,0.365,-0.010000000000000009
1767715339.9617548,btc-updown-15m-1767715200,UP,0.64,0.63,0.635,-0.010000000000000009
1767715341.310536,btc-updown-15m-1767715200,DOWN,0.37,0.36,0.365,-0.010000000000000009
1767715341.310864,btc-updown-15m-1767715200,UP,0.64,0.63,0.635,-0.010000000000000009
1767715342.673016,btc-updown-15m-1767715200,UP,0.65,0.64,0.645,-0.010000000000000009
1767715342.6732259,btc-updown-15m-1767715200,DOWN,0.36,0.35,0.355,-0.010000000000000009
1767715344.014624,btc-updown-15m-1767715200,UP,0.63,0.62,0.625,-0.010000000000000009
1767715344.014892,btc-updown-15m-1767715200,DOWN,0.38,0.37,0.375,-0.010000000000000009
1767715345.3479118,btc-updown-15m-1767715200,UP,0.61,0.6,0.605,-0.010000000000000009
1767715345.3499641,btc-updown-15m-1767715200,DOWN,0.4,0.39,0.395,-0.010000000000000009
1767715346.718241,btc-updown-15m-1767715200,UP,0.6,0.59,0.595,-0.010000000000000009
1767715346.718487,btc-updown-15m-1767715200,DOWN,0.41,0.4,0.405,-0.009999999999999953
1767715348.0583522,btc-updown-15m-1767715200,DOWN,0.38,0.37,0.375,-0.010000000000000009
1767715348.059011,btc-updown-15m-1767715200,UP,0.63,0.62,0.625,-0.010000000000000009
1767715349.395971,btc-updown-15m-1767715200,DOWN,0.38,0.37,0.375,-0.010000000000000009
1767715349.396385,btc-updown-15m-1767715200,UP,0.63,0.62,0.625,-0.010000000000000009
1767715350.873278,btc-updown-15m-1767715200,UP,0.61,0.6,0.605,-0.010000000000000009
1767715350.873479,btc-updown-15m-1767715200,DOWN,0.4,0.39,0.395,-0.010000000000000009
1767715352.270561,btc-updown-15m-1767715200,UP,0.61,0.6,0.605,-0.010000000000000009
1767715352.2709131,btc-updown-15m-1767715200,DOWN,0.4,0.39,0.395,-0.010000000000000009
1767715353.609739,btc-updown-15m-1767715200,DOWN,0.4,0.39,0.395,-0.010000000000000009
1767715353.630671,btc-updown-15m-1767715200,UP,0.61,0.6,0.605,-0.010000000000000009
1767715354.959339,btc-updown-15m-1767715200,DOWN,0.42,0.41,0.415,-0.010000000000000009
1767715354.959632,btc-updown-15m-1767715200,UP,0.59,0.58,0.585,-0.010000000000000009
1767715356.323924,btc-updown-15m-1767715200,DOWN,0.46,0.45,0.455,-0.010000000000000009
1767715356.3244889,btc-updown-15m-1767715200,UP,0.55,0.54,0.545,-0.010000000000000009
1767715357.67068,btc-updown-15m-1767715200,UP,0.54,0.53,0.535,-0.010000000000000009
1767715357.6715038,btc-updown-15m-1767715200,DOWN,0.47,0.46,0.46499999999999997,-0.009999999999999953
1767715359.146761,btc-updown-15m-1767715200,DOWN,0.48,0.47,0.475,-0.010000000000000009
1767715359.147211,btc-updown-15m-1767715200,UP,0.53,0.52,0.525,-0.010000000000000009
1767715360.5237708,btc-updown-15m-1767715200,UP,0.56,0.55,0.555,-0.010000000000000009
1767715360.52431,btc-updown-15m-1767715200,DOWN,0.45,0.44,0.445,-0.010000000000000009
1767715361.860435,btc-updown-15m-1767715200,DOWN,0.44,0.43,0.435,-0.010000000000000009
1767715361.860706,btc-updown-15m-1767715200,UP,0.57,0.56,0.565,-0.009999999999999898
1767715363.211503,btc-updown-15m-1767715200,DOWN,0.43,0.42,0.425,-0.010000000000000009
1767715363.2120671,btc-updown-15m-1767715200,UP,0.58,0.57,0.575,-0.010000000000000009
1767715364.6591291,btc-updown-15m-1767715200,DOWN,0.44,0.43,0.435,-0.010000000000000009
1767715364.659414,btc-updown-15m-1767715200,UP,0.57,0.56,0.565,-0.009999999999999898
1767715366.279527,btc-updown-15m-1767715200,UP,0.59,0.58,0.585,-0.010000000000000009
1767715366.279834,btc-updown-15m-1767715200,DOWN,0.42,0.41,0.415,-0.010000000000000009
1767715367.625706,btc-updown-15m-1767715200,UP,0.59,0.58,0.585,-0.010000000000000009
1767715367.626631,btc-updown-15m-1767715200,DOWN,0.42,0.41,0.415,-0.010000000000000009
1767715369.035232,btc-updown-15m-1767715200,DOWN,0.4,0.39,0.395,-0.010000000000000009
1767715369.035525,btc-updown-15m-1767715200,UP,0.61,0.6,0.605,-0.010000000000000009
1767715370.387116,btc-updown-15m-1767715200,DOWN,0.42,0.41,0.415,-0.010000000000000009
1767715370.387313,btc-updown-15m-1767715200,UP,0.59,0.58,0.585,-0.010000000000000009
1767715371.722783,btc-updown-15m-1767715200,DOWN,0.45,0.44,0.445,-0.010000000000000009
1767715371.722899,btc-updown-15m-1767715200,UP,0.56,0.55,0.555,-0.010000000000000009
1767715373.0767748,btc-updown-15m-1767715200,DOWN,0.44,0.43,0.435,-0.010000000000000009
1767715373.077426,btc-updown-15m-1767715200,UP,0.57,0.56,0.565,-0.009999999999999898
1767715374.772335,btc-updown-15m-1767715200,UP,0.55,0.54,0.545,-0.010000000000000009
1767715374.7962618,btc-updown-15m-1767715200,DOWN,0.46,0.45,0.455,-0.010000000000000009
1767715376.127828,btc-updown-15m-1767715200,UP,0.56,0.55,0.555,-0.010000000000000009
1767715376.128064,btc-updown-15m-1767715200,DOWN,0.45,0.44,0.445,-0.010000000000000009
1767715377.479424,btc-updown-15m-1767715200,DOWN,0.43,0.42,0.425,-0.010000000000000009
1767715377.481449,btc-updown-15m-1767715200,UP,0.58,0.57,0.575,-0.010000000000000009
1767715379.019058,btc-updown-15m-1767715200,DOWN,0.45,0.44,0.445,-0.010000000000000009
1767715379.0196831,btc-updown-15m-1767715200,UP,0.56,0.55,0.555,-0.010000000000000009
1767715380.380228,btc-updown-15m-1767715200,DOWN,0.45,0.44,0.445,-0.010000000000000009
1767715380.3808372,btc-updown-15m-1767715200,UP,0.55,0.54,0.545,-0.010000000000000009
1767715381.73056,btc-updown-15m-1767715200,DOWN,0.45,0.44,0.445,-0.010000000000000009
1767715381.730775,btc-updown-15m-1767715200,UP,0.56,0.55,0.555,-0.010000000000000009
1767715383.100689,btc-updown-15m-1767715200,DOWN,0.43,0.42,0.425,-0.010000000000000009
1767715383.10111,btc-updown-15m-1767715200,UP,0.58,0.57,0.575,-0.010000000000000009
1767715384.94533,btc-updown-15m-1767715200,DOWN,0.39,0.38,0.385,-0.010000000000000009
1767715384.945677,btc-updown-15m-1767715200,UP,0.62,0.61,0.615,-0.010000000000000009
1767715386.282027,btc-updown-15m-1767715200,DOWN,0.41,0.4,0.405,-0.009999999999999953
1767715386.282568,btc-updown-15m-1767715200,UP,0.6,0.59,0.595,-0.010000000000000009
1767715387.6311219,btc-updown-15m-1767715200,UP,0.61,0.6,0.605,-0.010000000000000009
1767715387.6312408,btc-updown-15m-1767715200,DOWN,0.4,0.39,0.395,-0.010000000000000009
1767715388.997005,btc-updown-15m-1767715200,DOWN,0.39,0.38,0.385,-0.010000000000000009
1767715388.9973161,btc-updown-15m-1767715200,UP,0.62,0.61,0.615,-0.010000000000000009
1767715390.408892,btc-updown-15m-1767715200,DOWN,0.41,0.4,0.405,-0.009999999999999953
1767715390.409384,btc-updown-15m-1767715200,UP,0.6,0.59,0.595,-0.010000000000000009
1767715392.4505758,btc-updown-15m-1767715200,DOWN,0.4,0.39,0.395,-0.010000000000000009
1767715392.451038,btc-updown-15m-1767715200,UP,0.61,0.6,0.605,-0.010000000000000009
1767715393.816364,btc-updown-15m-1767715200,DOWN,0.4,0.39,0.395,-0.010000000000000009
1767715393.816652,btc-updown-15m-1767715200,UP,0.61,0.6,0.605,-0.010000000000000009
1767715395.177655,btc-updown-15m-1767715200,UP,0.65,0.64,0.645,-0.010000000000000009
1767715395.178577,btc-updown-15m-1767715200,DOWN,0.36,0.35,0.355,-0.010000000000000009
1767715396.5142558,btc-updown-15m-1767715200,DOWN,0.35,0.34,0.345,-0.009999999999999953
1767715396.514285,btc-updown-15m-1767715200,UP,0.66,0.65,0.655,-0.010000000000000009
1767715397.86004,btc-updown-15m-1767715200,UP,0.69,0.68,0.685,-0.009999999999999898
1767715397.8602471,btc-updown-15m-1767715200,DOWN,0.32,0.31,0.315,-0.010000000000000009
1767715399.21154,btc-updown-15m-1767715200,UP,0.68,0.67,0.675,-0.010000000000000009
1767715399.2117062,btc-updown-15m-1767715200,DOWN,0.33,0.32,0.325,-0.010000000000000009
1767715400.544972,btc-updown-15m-1767715200,DOWN,0.34,0.33,0.335,-0.010000000000000009
1767715400.545072,btc-updown-15m-1767715200,UP,0.67,0.66,0.665,-0.010000000000000009
1767715401.875183,btc-updown-15m-1767715200,UP,0.67,0.66,0.665,-0.010000000000000009
1767715401.875971,btc-updown-15m-1767715200,DOWN,0.34,0.33,0.335,-0.010000000000000009
1767715403.239954,btc-updown-15m-1767715200,DOWN,0.34,0.33,0.335,-0.010000000000000009
1767715403.240098,btc-updown-15m-1767715200,UP,0.67,0.66,0.665,-0.010000000000000009
1767715404.592997,btc-updown-15m-1767715200,UP,0.7,0.69,0.695,-0.010000000000000009
1767715404.593111,btc-updown-15m-1767715200,DOWN,0.31,0.3,0.305,-0.010000000000000009
1767715405.940546,btc-updown-15m-1767715200,UP,0.67,0.66,0.665,-0.010000000000000009
1767715405.940649,btc-updown-15m-1767715200,DOWN,0.34,0.33,0.335,-0.010000000000000009
1767715407.422976,btc-updown-15m-1767715200,DOWN,0.34,0.32,0.33,-0.020000000000000018
1767715407.423222,btc-updown-15m-1767715200,UP,0.68,0.66,0.67,-0.020000000000000018
1767715408.843321,btc-updown-15m-1767715200,UP,0.64,0.63,0.635,-0.010000000000000009
1767715408.843786,btc-updown-15m-1767715200,DOWN,0.37,0.36,0.365,-0.010000000000000009
1767715410.201665,btc-updown-15m-1767715200,DOWN,0.36,0.35,0.355,-0.010000000000000009
1767715410.2021298,btc-updown-15m-1767715200,UP,0.65,0.64,0.645,-0.010000000000000009
1767715411.767049,btc-updown-15m-1767715200,DOWN,0.36,0.35,0.355,-0.010000000000000009
1767715411.767324,btc-updown-15m-1767715200,UP,0.65,0.64,0.645,-0.010000000000000009
1767715413.385231,btc-updown-15m-1767715200,UP,0.66,0.65,0.655,-0.010000000000000009
1767715413.385346,btc-updown-15m-1767715200,DOWN,0.35,0.34,0.345,-0.009999999999999953
1767715414.738971,btc-updown-15m-1767715200,UP,0.65,0.64,0.645,-0.010000000000000009
1767715414.739248,btc-updown-15m-1767715200,DOWN,0.36,0.35,0.355,-0.010000000000000009
1767715416.071975,btc-updown-15m-1767715200,DOWN,0.36,0.35,0.355,-0.010000000000000009
1767715416.0721128,btc-updown-15m-1767715200,UP,0.65,0.64,0.645,-0.010000000000000009
1767715417.4229739,btc-updown-15m-1767715200,UP,0.66,0.64,0.65,-0.020000000000000018
1767715417.4252212,btc-updown-15m-1767715200,DOWN,0.36,0.34,0.35,-0.019999999999999962
1767715418.8798232,btc-updown-15m-1767715200,DOWN,0.36,0.34,0.35,-0.019999999999999962
1767715418.88044,btc-updown-15m-1767715200,UP,0.65,0.64,0.645,-0.010000000000000009
1767715420.246774,btc-updown-15m-1767715200,UP,0.69,0.68,0.685,-0.009999999999999898
1767715420.247047,btc-updown-15m-1767715200,DOWN,0.32,0.31,0.315,-0.010000000000000009
1767715421.7456079,btc-updown-15m-1767715200,DOWN,0.32,0.31,0.315,-0.010000000000000009
1767715421.745876,btc-updown-15m-1767715200,UP,0.69,0.68,0.685,-0.009999999999999898
1767715423.1292758,btc-updown-15m-1767715200,DOWN,0.33,0.32,0.325,-0.010000000000000009
1767715423.129683,btc-updown-15m-1767715200,UP,0.67,0.66,0.665,-0.010000000000000009
1767715424.494802,btc-updown-15m-1767715200,DOWN,0.35,0.34,0.345,-0.009999999999999953
1767715424.495258,btc-updown-15m-1767715200,UP,0.66,0.65,0.655,-0.010000000000000009
1767715425.828662,btc-updown-15m-1767715200,UP,0.65,0.64,0.645,-0.010000000000000009
1767715425.829637,btc-updown-15m-1767715200,DOWN,0.36,0.35,0.355,-0.010000000000000009
1767715427.15968,btc-updown-15m-1767715200,UP,0.67,0.66,0.665,-0.010000000000000009
1767715427.160491,btc-updown-15m-1767715200,DOWN,0.34,0.33,0.335,-0.010000000000000009
1767715428.4987462,btc-updown-15m-1767715200,UP,0.66,0.65,0.655,-0.010000000000000009
1767715428.499158,btc-updown-15m-1767715200,DOWN,0.35,0.34,0.345,-0.009999999999999953
1767715429.840835,btc-updown-15m-1767715200,UP,0.68,0.65,0.665,-0.030000000000000027
1767715429.841333,btc-updown-15m-1767715200,DOWN,0.35,0.32,0.33499999999999996,-0.02999999999999997
1767715431.182305,btc-updown-15m-1767715200,UP,0.68,0.67,0.675,-0.010000000000000009
1767715431.182764,btc-updown-15m-1767715200,DOWN,0.33,0.32,0.325,-0.010000000000000009
1767715432.532969,btc-updown-15m-1767715200,UP,0.68,0.67,0.675,-0.010000000000000009
1767715432.533443,btc-updown-15m-1767715200,DOWN,0.33,0.32,0.325,-0.010000000000000009
1767715433.870807,btc-updown-15m-1767715200,DOWN,0.34,0.32,0.33,-0.020000000000000018
1767715433.871087,btc-updown-15m-1767715200,UP,0.68,0.66,0.67,-0.020000000000000018
1767715435.222433,btc-updown-15m-1767715200,DOWN,0.35,0.34,0.345,-0.009999999999999953
1767715435.223657,btc-updown-15m-1767715200,UP,0.66,0.65,0.655,-0.010000000000000009
1767715436.758333,btc-updown-15m-1767715200,UP,0.68,0.67,0.675,-0.010000000000000009
1767715436.758544,btc-updown-15m-1767715200,DOWN,0.33,0.32,0.325,-0.010000000000000009
1767715438.093481,btc-updown-15m-1767715200,DOWN,0.33,0.32,0.325,-0.010000000000000009
1767715438.093676,btc-updown-15m-1767715200,UP,0.68,0.67,0.675,-0.010000000000000009
1767715439.426212,btc-updown-15m-1767715200,DOWN,0.31,0.3,0.305,-0.010000000000000009
1767715439.426272,btc-updown-15m-1767715200,UP,0.7,0.69,0.695,-0.010000000000000009
1767715440.7613099,btc-updown-15m-1767715200,UP,0.69,0.68,0.685,-0.009999999999999898
1767715440.7614038,btc-updown-15m-1767715200,DOWN,0.32,0.31,0.315,-0.010000000000000009
1767715442.1136189,btc-updown-15m-1767715200,DOWN,0.37,0.36,0.365,-0.010000000000000009
1767715442.113667,btc-updown-15m-1767715200,UP,0.64,0.63,0.635,-0.010000000000000009
1767715443.468117,btc-updown-15m-1767715200,UP,0.63,0.62,0.625,-0.010000000000000009
1767715443.468277,btc-updown-15m-1767715200,DOWN,0.38,0.37,0.375,-0.010000000000000009
1767715444.8308392,btc-updown-15m-1767715200,DOWN,0.36,0.35,0.355,-0.010000000000000009
1767715444.8312352,btc-updown-15m-1767715200,UP,0.65,0.64,0.645,-0.010000000000000009
1767715446.1668758,btc-updown-15m-1767715200,UP,0.68,0.67,0.675,-0.010000000000000009
1767715446.167138,btc-updown-15m-1767715200,DOWN,0.33,0.32,0.325,-0.010000000000000009
1767715447.517438,btc-updown-15m-1767715200,DOWN,0.33,0.32,0.325,-0.010000000000000009
1767715447.5177321,btc-updown-15m-1767715200,UP,0.68,0.67,0.675,-0.010000000000000009
1767715448.855937,btc-updown-15m-1767715200,DOWN,0.34,0.33,0.335,-0.010000000000000009
1767715448.856193,btc-updown-15m-1767715200,UP,0.67,0.66,0.665,-0.010000000000000009
1767715450.195853,btc-updown-15m-1767715200,UP,0.67,0.66,0.665,-0.010000000000000009
1767715450.196264,btc-updown-15m-1767715200,DOWN,0.34,0.33,0.335,-0.010000000000000009
1767715451.634248,btc-updown-15m-1767715200,DOWN,0.34,0.33,0.335,-0.010000000000000009
1767715451.634636,btc-updown-15m-1767715200,UP,0.67,0.66,0.665,-0.010000000000000009
1767715453.23944,btc-updown-15m-1767715200,DOWN,0.31,0.3,0.305,-0.010000000000000009
1767715453.2399292,btc-updown-15m-1767715200,UP,0.7,0.69,0.695,-0.010000000000000009
1767715454.8739681,btc-updown-15m-1767715200,DOWN,0.27,0.26,0.265,-0.010000000000000009
1767715454.874381,btc-updown-15m-1767715200,UP,0.74,0.73,0.735,-0.010000000000000009
1767715456.6695292,btc-updown-15m-1767715200,UP,0.73,0.72,0.725,-0.010000000000000009
1767715456.669733,btc-updown-15m-1767715200,DOWN,0.28,0.27,0.275,-0.010000000000000009
1767715458.020449,btc-updown-15m-1767715200,DOWN,0.3,0.29,0.295,-0.010000000000000009
1767715458.0207229,btc-updown-15m-1767715200,UP,0.71,0.7,0.705,-0.010000000000000009
1767715459.348767,btc-updown-15m-1767715200,UP,0.69,0.68,0.685,-0.009999999999999898
1767715459.3489149,btc-updown-15m-1767715200,DOWN,0.32,0.31,0.315,-0.010000000000000009
1767715460.689294,btc-updown-15m-1767715200,DOWN,0.34,0.32,0.33,-0.020000000000000018
1767715460.689429,btc-updown-15m-1767715200,UP,0.68,0.66,0.67,-0.020000000000000018
1767715462.0404139,btc-updown-15m-1767715200,UP,0.66,0.65,0.655,-0.010000000000000009
1767715462.041417,btc-updown-15m-1767715200,DOWN,0.35,0.34,0.345,-0.009999999999999953
1767715463.3937201,btc-updown-15m-1767715200,DOWN,0.37,0.36,0.365,-0.010000000000000009
1767715463.394001,btc-updown-15m-1767715200,UP,0.64,0.63,0.635,-0.010000000000000009
1767715465.056675,btc-updown-15m-1767715200,UP,0.64,0.63,0.635,-0.010000000000000009
1767715465.0570219,btc-updown-15m-1767715200,DOWN,0.37,0.36,0.365,-0.010000000000000009
1767715466.398666,btc-updown-15m-1767715200,DOWN,0.36,0.35,0.355,-0.010000000000000009
1767715466.398889,btc-updown-15m-1767715200,UP,0.66,0.64,0.65,-0.020000000000000018
1767715468.039088,btc-updown-15m-1767715200,UP,0.66,0.65,0.655,-0.010000000000000009
1767715468.039626,btc-updown-15m-1767715200,DOWN,0.35,0.34,0.345,-0.009999999999999953
1767715469.374848,btc-updown-15m-1767715200,DOWN,0.36,0.35,0.355,-0.010000000000000009
1767715469.375045,btc-updown-15m-1767715200,UP,0.65,0.64,0.645,-0.010000000000000009
1767715470.706754,btc-updown-15m-1767715200,UP,0.65,0.64,0.645,-0.010000000000000009
1767715470.706812,btc-updown-15m-1767715200,DOWN,0.36,0.35,0.355,-0.010000000000000009
1767715472.070101,btc-updown-15m-1767715200,DOWN,0.36,0.35,0.355,-0.010000000000000009
1767715472.070175,btc-updown-15m-1767715200,UP,0.65,0.64,0.645,-0.010000000000000009
1767715473.402644,btc-updown-15m-1767715200,UP,0.65,0.64,0.645,-0.010000000000000009
1767715473.403119,btc-updown-15m-1767715200,DOWN,0.36,0.35,0.355,-0.010000000000000009
1767715474.739949,btc-updown-15m-1767715200,DOWN,0.33,0.32,0.325,-0.010000000000000009
1767715474.750574,btc-updown-15m-1767715200,UP,0.68,0.67,0.675,-0.010000000000000009
1767715476.076436,btc-updown-15m-1767715200,DOWN,0.34,0.32,0.33,-0.020000000000000018
1767715476.076566,btc-updown-15m-1767715200,UP,0.68,0.66,0.67,-0.020000000000000018
1767715477.410105,btc-updown-15m-1767715200,UP,0.64,0.63,0.635,-0.010000000000000009
1767715477.410444,btc-updown-15m-1767715200,DOWN,0.37,0.36,0.365,-0.010000000000000009
1767715478.7870731,btc-updown-15m-1767715200,DOWN,0.36,0.35,0.355,-0.010000000000000009
1767715478.787162,btc-updown-15m-1767715200,UP,0.65,0.64,0.645,-0.010000000000000009
1767715480.1373708,btc-updown-15m-1767715200,UP,0.66,0.65,0.655,-0.010000000000000009
1767715480.137658,btc-updown-15m-1767715200,DOWN,0.35,0.34,0.345,-0.009999999999999953
1767715481.493515,btc-updown-15m-1767715200,UP,0.66,0.65,0.655,-0.010000000000000009
1767715481.493898,btc-updown-15m-1767715200,DOWN,0.35,0.34,0.345,-0.009999999999999953
1767715482.836622,btc-updown-15m-1767715200,UP,0.66,0.65,0.655,-0.010000000000000009
1767715482.83676,btc-updown-15m-1767715200,DOWN,0.35,0.34,0.345,-0.009999999999999953
1767715484.181271,btc-updown-15m-1767715200,UP,0.64,0.63,0.635,-0.010000000000000009
1767715484.182027,btc-updown-15m-1767715200,DOWN,0.37,0.36,0.365,-0.010000000000000009
1767715485.5402439,btc-updown-15m-1767715200,UP,0.63,0.62,0.625,-0.010000000000000009
1767715485.540353,btc-updown-15m-1767715200,DOWN,0.38,0.37,0.375,-0.010000000000000009
1767715486.907836,btc-updown-15m-1767715200,UP,0.61,0.6,0.605,-0.010000000000000009
1767715486.907923,btc-updown-15m-1767715200,DOWN,0.4,0.39,0.395,-0.010000000000000009
1767715488.264566,btc-updown-15m-1767715200,UP,0.61,0.6,0.605,-0.010000000000000009
1767715488.264978,btc-updown-15m-1767715200,DOWN,0.4,0.39,0.395,-0.010000000000000009
1767715489.623303,btc-updown-15m-1767715200,UP,0.58,0.57,0.575,-0.010000000000000009
1767715489.623651,btc-updown-15m-1767715200,DOWN,0.43,0.42,0.425,-0.010000000000000009
1767715490.987108,btc-updown-15m-1767715200,DOWN,0.43,0.42,0.425,-0.010000000000000009
1767715490.988141,btc-updown-15m-1767715200,UP,0.58,0.57,0.575,-0.010000000000000009
1767715492.42313,btc-updown-15m-1767715200,DOWN,0.41,0.4,0.405,-0.009999999999999953
1767715492.423608,btc-updown-15m-1767715200,UP,0.6,0.59,0.595,-0.010000000000000009
1767715493.7726588,btc-updown-15m-1767715200,DOWN,0.42,0.41,0.415,-0.010000000000000009
1767715493.773171,btc-updown-15m-1767715200,UP,0.59,0.58,0.585,-0.010000000000000009
1767715495.122251,btc-updown-15m-1767715200,DOWN,0.44,0.43,0.435,-0.010000000000000009
1767715495.122698,btc-updown-15m-1767715200,UP,0.57,0.56,0.565,-0.009999999999999898
1767715496.482904,btc-updown-15m-1767715200,UP,0.6,0.59,0.595,-0.010000000000000009
1767715496.483364,btc-updown-15m-1767715200,DOWN,0.41,0.4,0.405,-0.009999999999999953
1767715497.838646,btc-updown-15m-1767715200,DOWN,0.41,0.4,0.405,-0.009999999999999953
1767715497.8389099,btc-updown-15m-1767715200,UP,0.6,0.59,0.595,-0.010000000000000009
1767715499.1674318,btc-updown-15m-1767715200,UP,0.59,0.58,0.585,-0.010000000000000009
1767715499.167454,btc-updown-15m-1767715200,DOWN,0.42,0.41,0.415,-0.010000000000000009
1767715500.74222,btc-updown-15m-1767715200,DOWN,0.4,0.39,0.395,-0.010000000000000009
1767715500.742496,btc-updown-15m-1767715200,UP,0.61,0.6,0.605,-0.010000000000000009
1767715502.626749,btc-updown-15m-1767715200,UP,0.66,0.65,0.655,-0.010000000000000009
1767715502.626942,btc-updown-15m-1767715200,DOWN,0.35,0.34,0.345,-0.009999999999999953
1767715503.9708312,btc-updown-15m-1767715200,UP,0.66,0.65,0.655,-0.010000000000000009
1767715503.972016,btc-updown-15m-1767715200,DOWN,0.35,0.34,0.345,-0.009999999999999953
1767715505.318042,btc-updown-15m-1767715200,UP,0.6,0.59,0.595,-0.010000000000000009
1767715505.3182411,btc-updown-15m-1767715200,DOWN,0.41,0.4,0.405,-0.009999999999999953
1767715506.8506749,btc-updown-15m-1767715200,UP,0.61,0.6,0.605,-0.010000000000000009
1767715506.850771,btc-updown-15m-1767715200,DOWN,0.4,0.39,0.395,-0.010000000000000009
1767715508.42344,btc-updown-15m-1767715200,UP,0.61,0.6,0.605,-0.010000000000000009
1767715508.4236538,btc-updown-15m-1767715200,DOWN,0.4,0.39,0.395,-0.010000000000000009
1767715509.784247,btc-updown-15m-1767715200,UP,0.61,0.6,0.605,-0.010000000000000009
1767715509.784539,btc-updown-15m-1767715200,DOWN,0.4,0.39,0.395,-0.010000000000000009
1767715511.1438878,btc-updown-15m-1767715200,DOWN,0.38,0.37,0.375,-0.010000000000000009
1767715511.1441112,btc-updown-15m-1767715200,UP,0.63,0.62,0.625,-0.010000000000000009
1767715512.848935,btc-updown-15m-1767715200,DOWN,0.38,0.37,0.375,-0.010000000000000009
1767715512.850105,btc-updown-15m-1767715200,UP,0.63,0.62,0.625,-0.010000000000000009
1767715514.280021,btc-updown-15m-1767715200,DOWN,0.39,0.38,0.385,-0.010000000000000009
1767715514.280235,btc-updown-15m-1767715200,UP,0.62,0.61,0.615,-0.010000000000000009
1767715515.6225128,btc-updown-15m-1767715200,DOWN,0.45,0.44,0.445,-0.010000000000000009
1767715515.622795,btc-updown-15m-1767715200,UP,0.56,0.55,0.555,-0.010000000000000009
1767715516.9971101,btc-updown-15m-1767715200,DOWN,0.47,0.46,0.46499999999999997,-0.009999999999999953
1767715516.997586,btc-updown-15m-1767715200,UP,0.54,0.53,0.535,-0.010000000000000009
1767715518.371066,btc-updown-15m-1767715200,DOWN,0.46,0.45,0.455,-0.010000000000000009
1767715518.371213,btc-updown-15m-1767715200,UP,0.55,0.54,0.545,-0.010000000000000009
1767715519.7010088,btc-updown-15m-1767715200,UP,0.54,0.53,0.535,-0.010000000000000009
1767715519.713255,btc-updown-15m-1767715200,DOWN,0.47,0.46,0.46499999999999997,-0.009999999999999953
1767715521.055831,btc-updown-15m-1767715200,UP,0.5,0.49,0.495,-0.010000000000000009
1767715521.0559528,btc-updown-15m-1767715200,DOWN,0.51,0.5,0.505,-0.010000000000000009
1767715522.389178,btc-updown-15m-1767715200,UP,0.5,0.49,0.495,-0.010000000000000009
1767715522.389533,btc-updown-15m-1767715200,DOWN,0.51,0.5,0.505,-0.010000000000000009
1767715523.7236538,btc-updown-15m-1767715200,DOWN,0.52,0.51,0.515,-0.010000000000000009
1767715523.7238998,btc-updown-15m-1767715200,UP,0.49,0.48,0.485,-0.010000000000000009
1767715525.310148,btc-updown-15m-1767715200,UP,0.46,0.45,0.455,-0.010000000000000009
1767715525.310225,btc-updown-15m-1767715200,DOWN,0.55,0.54,0.545,-0.010000000000000009
1767715526.649941,btc-updown-15m-1767715200,UP,0.47,0.46,0.46499999999999997,-0.009999999999999953
1767715526.650132,btc-updown-15m-1767715200,DOWN,0.54,0.53,0.535,-0.010000000000000009
1767715528.0564349,btc-updown-15m-1767715200,UP,0.49,0.48,0.485,-0.010000000000000009
1767715528.0565472,btc-updown-15m-1767715200,DOWN,0.52,0.51,0.515,-0.010000000000000009
1767715529.43873,btc-updown-15m-1767715200,DOWN,0.47,0.46,0.46499999999999997,-0.009999999999999953
1767715529.438945,btc-updown-15m-1767715200,UP,0.54,0.53,0.535,-0.010000000000000009
1767715531.235523,btc-updown-15m-1767715200,UP,0.48,0.47,0.475,-0.010000000000000009
1767715531.235762,btc-updown-15m-1767715200,DOWN,0.53,0.52,0.525,-0.010000000000000009
1767715532.582479,btc-updown-15m-1767715200,UP,0.51,0.5,0.505,-0.010000000000000009
1767715532.582656,btc-updown-15m-1767715200,DOWN,0.5,0.49,0.495,-0.010000000000000009
1767715533.9388318,btc-updown-15m-1767715200,DOWN,0.49,0.48,0.485,-0.010000000000000009
1767715533.939133,btc-updown-15m-1767715200,UP,0.52,0.51,0.515,-0.010000000000000009
1767715535.275885,btc-updown-15m-1767715200,UP,0.57,0.56,0.565,-0.009999999999999898
1767715535.276067,btc-updown-15m-1767715200,DOWN,0.44,0.43,0.435,-0.010000000000000009
1767715536.635742,btc-updown-15m-1767715200,DOWN,0.42,0.41,0.415,-0.010000000000000009
1767715536.636141,btc-updown-15m-1767715200,UP,0.59,0.58,0.585,-0.010000000000000009
1767715537.984427,btc-updown-15m-1767715200,UP,0.56,0.55,0.555,-0.010000000000000009
1767715537.984589,btc-updown-15m-1767715200,DOWN,0.45,0.44,0.445,-0.010000000000000009
1767715539.335907,btc-updown-15m-1767715200,UP,0.56,0.55,0.555,-0.010000000000000009
1767715539.336014,btc-updown-15m-1767715200,DOWN,0.45,0.44,0.445,-0.010000000000000009
1767715540.707524,btc-updown-15m-1767715200,DOWN,0.44,0.43,0.435,-0.010000000000000009
1767715540.7077131,btc-updown-15m-1767715200,UP,0.57,0.56,0.565,-0.009999999999999898
1767715542.3840482,btc-updown-15m-1767715200,DOWN,0.41,0.4,0.405,-0.009999999999999953
1767715542.384359,btc-updown-15m-1767715200,UP,0.6,0.59,0.595,-0.010000000000000009
1767715543.750814,btc-updown-15m-1767715200,UP,0.61,0.6,0.605,-0.010000000000000009
1767715543.7514,btc-updown-15m-1767715200,DOWN,0.4,0.39,0.395,-0.010000000000000009
1767715545.0876641,btc-updown-15m-1767715200,UP,0.63,0.62,0.625,-0.010000000000000009
1767715545.0879161,btc-updown-15m-1767715200,DOWN,0.38,0.37,0.375,-0.010000000000000009
1767715546.41571,btc-updown-15m-1767715200,UP,0.63,0.62,0.625,-0.010000000000000009
1767715546.4157948,btc-updown-15m-1767715200,DOWN,0.38,0.37,0.375,-0.010000000000000009
1767715547.777707,btc-updown-15m-1767715200,DOWN,0.37,0.36,0.365,-0.010000000000000009
1767715547.7778618,btc-updown-15m-1767715200,UP,0.64,0.63,0.635,-0.010000000000000009
1767715549.106221,btc-updown-15m-1767715200,UP,0.63,0.62,0.625,-0.010000000000000009
1767715549.1064231,btc-updown-15m-1767715200,DOWN,0.38,0.37,0.375,-0.010000000000000009
1767715550.449235,btc-updown-15m-1767715200,UP,0.63,0.62,0.625,-0.010000000000000009
1767715550.4494069,btc-updown-15m-1767715200,DOWN,0.38,0.37,0.375,-0.010000000000000009
1767715552.0728571,btc-updown-15m-1767715200,UP,0.63,0.62,0.625,-0.010000000000000009
1767715552.07288,btc-updown-15m-1767715200,DOWN,0.38,0.37,0.375,-0.010000000000000009
1767715553.404701,btc-updown-15m-1767715200,UP,0.59,0.58,0.585,-0.010000000000000009
1767715553.404972,btc-updown-15m-1767715200,DOWN,0.42,0.41,0.415,-0.010000000000000009
1767715554.7544231,btc-updown-15m-1767715200,DOWN,0.45,0.44,0.445,-0.010000000000000009
1767715554.754669,btc-updown-15m-1767715200,UP,0.56,0.55,0.555,-0.010000000000000009
1767715556.143578,btc-updown-15m-1767715200,UP,0.57,0.56,0.565,-0.009999999999999898
1767715556.143719,btc-updown-15m-1767715200,DOWN,0.44,0.43,0.435,-0.010000000000000009
1767715557.4872088,btc-updown-15m-1767715200,UP,0.58,0.57,0.575,-0.010000000000000009
1767715557.4872682,btc-updown-15m-1767715200,DOWN,0.43,0.42,0.425,-0.010000000000000009
1767715558.823012,btc-updown-15m-1767715200,DOWN,0.44,0.43,0.435,-0.010000000000000009
1767715558.823234,btc-updown-15m-1767715200,UP,0.57,0.56,0.565,-0.009999999999999898
1767715560.163549,btc-updown-15m-1767715200,UP,0.57,0.56,0.565,-0.009999999999999898
1767715560.163877,btc-updown-15m-1767715200,DOWN,0.44,0.43,0.435,-0.010000000000000009
1767715561.496479,btc-updown-15m-1767715200,DOWN,0.41,0.4,0.405,-0.009999999999999953
1767715561.496934,btc-updown-15m-1767715200,UP,0.6,0.59,0.595,-0.010000000000000009
1767715562.846316,btc-updown-15m-1767715200,DOWN,0.4,0.39,0.395,-0.010000000000000009
1767715562.846775,btc-updown-15m-1767715200,UP,0.61,0.6,0.605,-0.010000000000000009
1767715564.230772,btc-updown-15m-1767715200,DOWN,0.4,0.38,0.39,-0.020000000000000018
1767715564.230892,btc-updown-15m-1767715200,UP,0.62,0.6,0.61,-0.020000000000000018
1767715565.897876,btc-updown-15m-1767715200,UP,0.69,0.68,0.685,-0.009999999999999898
1767715565.898933,btc-updown-15m-1767715200,DOWN,0.32,0.31,0.315,-0.010000000000000009
1767715567.235001,btc-updown-15m-1767715200,UP,0.71,0.7,0.705,-0.010000000000000009
1767715567.235223,btc-updown-15m-1767715200,DOWN,0.3,0.29,0.295,-0.010000000000000009
1767715568.5792482,btc-updown-15m-1767715200,UP,0.73,0.72,0.725,-0.010000000000000009
1767715568.579367,btc-updown-15m-1767715200,DOWN,0.28,0.27,0.275,-0.010000000000000009
1767715569.911089,btc-updown-15m-1767715200,UP,0.71,0.7,0.705,-0.010000000000000009
1767715569.911264,btc-updown-15m-1767715200,DOWN,0.3,0.29,0.295,-0.010000000000000009
1767715571.266309,btc-updown-15m-1767715200,UP,0.71,0.7,0.705,-0.010000000000000009
1767715571.2666008,btc-updown-15m-1767715200,DOWN,0.3,0.29,0.295,-0.010000000000000009
1767715572.603405,btc-updown-15m-1767715200,UP,0.72,0.71,0.715,-0.010000000000000009
1767715572.60355,btc-updown-15m-1767715200,DOWN,0.29,0.28,0.28500000000000003,-0.009999999999999953
1767715573.9603279,btc-updown-15m-1767715200,UP,0.71,0.7,0.705,-0.010000000000000009
1767715573.960425,btc-updown-15m-1767715200,DOWN,0.3,0.29,0.295,-0.010000000000000009
1767715575.3154361,btc-updown-15m-1767715200,UP,0.69,0.68,0.685,-0.009999999999999898
1767715575.315532,btc-updown-15m-1767715200,DOWN,0.32,0.31,0.315,-0.010000000000000009
1767715576.6437728,btc-updown-15m-1767715200,DOWN,0.36,0.35,0.355,-0.010000000000000009
1767715576.644038,btc-updown-15m-1767715200,UP,0.65,0.64,0.645,-0.010000000000000009
1767715577.995101,btc-updown-15m-1767715200,DOWN,0.37,0.36,0.365,-0.010000000000000009
1767715577.995234,btc-updown-15m-1767715200,UP,0.64,0.63,0.635,-0.010000000000000009
1767715579.3369238,btc-updown-15m-1767715200,DOWN,0.39,0.38,0.385,-0.010000000000000009
1767715579.3573499,btc-updown-15m-1767715200,UP,0.62,0.61,0.615,-0.010000000000000009
1767715580.6819289,btc-updown-15m-1767715200,DOWN,0.39,0.38,0.385,-0.010000000000000009
1767715580.6821,btc-updown-15m-1767715200,UP,0.62,0.61,0.615,-0.010000000000000009
1767715582.037767,btc-updown-15m-1767715200,UP,0.6,0.59,0.595,-0.010000000000000009
1767715582.037816,btc-updown-15m-1767715200,DOWN,0.41,0.4,0.405,-0.009999999999999953
1767715583.3770812,btc-updown-15m-1767715200,UP,0.57,0.56,0.565,-0.009999999999999898
1767715583.377352,btc-updown-15m-1767715200,DOWN,0.44,0.43,0.435,-0.010000000000000009
1767715584.73029,btc-updown-15m-1767715200,UP,0.56,0.55,0.555,-0.010000000000000009
1767715584.730589,btc-updown-15m-1767715200,DOWN,0.45,0.43,0.44,-0.020000000000000018
1767715586.684597,btc-updown-15m-1767715200,DOWN,0.46,0.45,0.455,-0.010000000000000009
1767715586.684885,btc-updown-15m-1767715200,UP,0.55,0.54,0.545,-0.010000000000000009
1767715588.021131,btc-updown-15m-1767715200,DOWN,0.46,0.45,0.455,-0.010000000000000009
1767715588.034403,btc-updown-15m-1767715200,UP,0.55,0.54,0.545,-0.010000000000000009
1767715589.6124969,btc-updown-15m-1767715200,UP,0.57,0.56,0.565,-0.009999999999999898
1767715589.612823,btc-updown-15m-1767715200,DOWN,0.44,0.43,0.435,-0.010000000000000009
1767715591.182283,btc-updown-15m-1767715200,DOWN,0.41,0.4,0.405,-0.009999999999999953
1767715591.1828659,btc-updown-15m-1767715200,UP,0.6,0.59,0.595,-0.010000000000000009
1767715592.5165062,btc-updown-15m-1767715200,DOWN,0.41,0.4,0.405,-0.009999999999999953
1767715592.516984,btc-updown-15m-1767715200,UP,0.6,0.59,0.595,-0.010000000000000009
1767715593.850441,btc-updown-15m-1767715200,UP,0.59,0.58,0.585,-0.010000000000000009
1767715593.850683,btc-updown-15m-1767715200,DOWN,0.42,0.41,0.415,-0.010000000000000009
1767715595.1825259,btc-updown-15m-1767715200,DOWN,0.42,0.41,0.415,-0.010000000000000009
1767715595.183012,btc-updown-15m-1767715200,UP,0.59,0.58,0.585,-0.010000000000000009
1767715596.547225,btc-updown-15m-1767715200,DOWN,0.44,0.43,0.435,-0.010000000000000009
1767715596.5476532,btc-updown-15m-1767715200,UP,0.57,0.56,0.565,-0.009999999999999898
1767715597.876383,btc-updown-15m-1767715200,DOWN,0.44,0.43,0.435,-0.010000000000000009
1767715597.881213,btc-updown-15m-1767715200,UP,0.57,0.56,0.565,-0.009999999999999898
1767715599.220887,btc-updown-15m-1767715200,UP,0.61,0.6,0.605,-0.010000000000000009
1767715599.2215831,btc-updown-15m-1767715200,DOWN,0.4,0.39,0.395,-0.010000000000000009
1767715600.5663412,btc-updown-15m-1767715200,DOWN,0.4,0.39,0.395,-0.010000000000000009
1767715600.566816,btc-updown-15m-1767715200,UP,0.61,0.6,0.605,-0.010000000000000009
1767715602.594131,btc-updown-15m-1767715200,UP,0.62,0.61,0.615,-0.010000000000000009
1767715602.5942101,btc-updown-15m-1767715200,DOWN,0.39,0.38,0.385,-0.010000000000000009
1767715603.923244,btc-updown-15m-1767715200,DOWN,0.45,0.44,0.445,-0.010000000000000009
1767715603.9234629,btc-updown-15m-1767715200,UP,0.56,0.55,0.555,-0.010000000000000009
1767715605.2908,btc-updown-15m-1767715200,DOWN,0.42,0.41,0.415,-0.010000000000000009
1767715605.5519218,btc-updown-15m-1767715200,UP,0.59,0.58,0.585,-0.010000000000000009
1767715606.634419,btc-updown-15m-1767715200,DOWN,0.46,0.45,0.455,-0.010000000000000009
1767715606.891392,btc-updown-15m-1767715200,UP,0.54,0.53,0.535,-0.010000000000000009
1767715608.239945,btc-updown-15m-1767715200,DOWN,0.53,0.52,0.525,-0.010000000000000009
1767715608.2408772,btc-updown-15m-1767715200,UP,0.45,0.43,0.44,-0.020000000000000018
1767715609.5972931,btc-updown-15m-1767715200,DOWN,0.59,0.58,0.585,-0.010000000000000009
1767715609.597409,btc-updown-15m-1767715200,UP,0.42,0.41,0.415,-0.010000000000000009
1767715610.9475489,btc-updown-15m-1767715200,UP,0.44,0.43,0.435,-0.010000000000000009
1767715610.947819,btc-updown-15m-1767715200,DOWN,0.57,0.56,0.565,-0.009999999999999898
1767715612.291203,btc-updown-15m-1767715200,DOWN,0.56,0.55,0.555,-0.010000000000000009
1767715612.291898,btc-updown-15m-1767715200,UP,0.45,0.44,0.445,-0.010000000000000009
1767715613.637253,btc-updown-15m-1767715200,UP,0.45,0.44,0.445,-0.010000000000000009
1767715613.637553,btc-updown-15m-1767715200,DOWN,0.56,0.55,0.555,-0.010000000000000009
1767715615.213851,btc-updown-15m-1767715200,UP,0.44,0.43,0.435,-0.010000000000000009
1767715615.214241,btc-updown-15m-1767715200,DOWN,0.57,0.56,0.565,-0.009999999999999898
1767715616.5707068,btc-updown-15m-1767715200,DOWN,0.57,0.56,0.565,-0.009999999999999898
1767715616.570863,btc-updown-15m-1767715200,UP,0.44,0.43,0.435,-0.010000000000000009
1767715617.909566,btc-updown-15m-1767715200,DOWN,0.59,0.58,0.585,-0.010000000000000009
1767715617.9099321,btc-updown-15m-1767715200,UP,0.42,0.41,0.415,-0.010000000000000009
1767715619.448211,btc-updown-15m-1767715200,UP,0.4,0.39,0.395,-0.010000000000000009
1767715619.448568,btc-updown-15m-1767715200,DOWN,0.61,0.6,0.605,-0.010000000000000009
1767715621.352438,btc-updown-15m-1767715200,UP,0.38,0.37,0.375,-0.010000000000000009
1767715621.3532941,btc-updown-15m-1767715200,DOWN,0.63,0.62,0.625,-0.010000000000000009
1767715622.690251,btc-updown-15m-1767715200,DOWN,0.63,0.62,0.625,-0.010000000000000009
1767715622.6904378,btc-updown-15m-1767715200,UP,0.38,0.37,0.375,-0.010000000000000009
1767715624.0446799,btc-updown-15m-1767715200,UP,0.36,0.35,0.355,-0.010000000000000009
1767715624.044852,btc-updown-15m-1767715200,DOWN,0.65,0.64,0.645,-0.010000000000000009
1767715625.377187,btc-updown-15m-1767715200,DOWN,0.67,0.66,0.665,-0.010000000000000009
1767715625.377583,btc-updown-15m-1767715200,UP,0.34,0.33,0.335,-0.010000000000000009
1767715626.708808,btc-updown-15m-1767715200,UP,0.34,0.33,0.335,-0.010000000000000009
1767715626.708997,btc-updown-15m-1767715200,DOWN,0.67,0.66,0.665,-0.010000000000000009
1767715628.065344,btc-updown-15m-1767715200,UP,0.35,0.34,0.345,-0.009999999999999953
1767715628.066138,btc-updown-15m-1767715200,DOWN,0.66,0.65,0.655,-0.010000000000000009
1767715630.016025,btc-updown-15m-1767715200,DOWN,0.62,0.61,0.615,-0.010000000000000009
1767715630.016319,btc-updown-15m-1767715200,UP,0.39,0.38,0.385,-0.010000000000000009
1767715631.360925,btc-updown-15m-1767715200,UP,0.39,0.38,0.385,-0.010000000000000009
1767715631.3611982,btc-updown-15m-1767715200,DOWN,0.62,0.61,0.615,-0.010000000000000009
1767715632.698747,btc-updown-15m-1767715200,UP,0.38,0.37,0.375,-0.010000000000000009
1767715632.699378,btc-updown-15m-1767715200,DOWN,0.63,0.62,0.625,-0.010000000000000009
1767715634.058862,btc-updown-15m-1767715200,UP,0.41,0.4,0.405,-0.009999999999999953
1767715634.059,btc-updown-15m-1767715200,DOWN,0.61,0.6,0.605,-0.010000000000000009
1767715635.5482829,btc-updown-15m-1767715200,UP,0.4,0.39,0.395,-0.010000000000000009
1767715635.5485718,btc-updown-15m-1767715200,DOWN,0.61,0.6,0.605,-0.010000000000000009
1767715636.952524,btc-updown-15m-1767715200,DOWN,0.64,0.63,0.635,-0.010000000000000009
1767715636.952781,btc-updown-15m-1767715200,UP,0.37,0.36,0.365,-0.010000000000000009
1767715638.2863202,btc-updown-15m-1767715200,DOWN,0.73,0.72,0.725,-0.010000000000000009
1767715638.2865238,btc-updown-15m-1767715200,UP,0.28,0.27,0.275,-0.010000000000000009
1767715639.66644,btc-updown-15m-1767715200,UP,0.28,0.27,0.275,-0.010000000000000009
1767715639.667101,btc-updown-15m-1767715200,DOWN,0.73,0.72,0.725,-0.010000000000000009
1767715641.045426,btc-updown-15m-1767715200,UP,0.32,0.31,0.315,-0.010000000000000009
1767715641.045732,btc-updown-15m-1767715200,DOWN,0.69,0.68,0.685,-0.009999999999999898
1767715642.388156,btc-updown-15m-1767715200,UP,0.29,0.28,0.28500000000000003,-0.009999999999999953
1767715642.388306,btc-updown-15m-1767715200,DOWN,0.72,0.71,0.715,-0.010000000000000009
1767715643.755763,btc-updown-15m-1767715200,UP,0.26,0.25,0.255,-0.010000000000000009
1767715643.756182,btc-updown-15m-1767715200,DOWN,0.75,0.74,0.745,-0.010000000000000009
1767715645.1539059,btc-updown-15m-1767715200,UP,0.29,0.28,0.28500000000000003,-0.009999999999999953
1767715645.154579,btc-updown-15m-1767715200,DOWN,0.72,0.71,0.715,-0.010000000000000009
1767715646.600749,btc-updown-15m-1767715200,UP,0.29,0.28,0.28500000000000003,-0.009999999999999953
1767715646.601216,btc-updown-15m-1767715200,DOWN,0.72,0.71,0.715,-0.010000000000000009
1767715647.939193,btc-updown-15m-1767715200,UP,0.28,0.27,0.275,-0.010000000000000009
1767715647.93956,btc-updown-15m-1767715200,DOWN,0.73,0.72,0.725,-0.010000000000000009
1767715649.293011,btc-updown-15m-1767715200,UP,0.27,0.26,0.265,-0.010000000000000009
1767715649.293322,btc-updown-15m-1767715200,DOWN,0.74,0.73,0.735,-0.010000000000000009
1767715650.624801,btc-updown-15m-1767715200,DOWN,0.76,0.75,0.755,-0.010000000000000009
1767715650.624979,btc-updown-15m-1767715200,UP,0.25,0.24,0.245,-0.010000000000000009
1767715652.003538,btc-updown-15m-1767715200,UP,0.26,0.25,0.255,-0.010000000000000009
1767715652.004216,btc-updown-15m-1767715200,DOWN,0.75,0.74,0.745,-0.010000000000000009
1767715653.359034,btc-updown-15m-1767715200,UP,0.27,0.25,0.26,-0.020000000000000018
1767715653.359465,btc-updown-15m-1767715200,DOWN,0.74,0.73,0.735,-0.010000000000000009
1767715654.7034628,btc-updown-15m-1767715200,DOWN,0.75,0.73,0.74,-0.020000000000000018
1767715654.7038422,btc-updown-15m-1767715200,UP,0.27,0.25,0.26,-0.020000000000000018
1767715656.271152,btc-updown-15m-1767715200,DOWN,0.74,0.73,0.735,-0.010000000000000009
1767715656.271459,btc-updown-15m-1767715200,UP,0.27,0.26,0.265,-0.010000000000000009
1767715657.607214,btc-updown-15m-1767715200,UP,0.29,0.28,0.28500000000000003,-0.009999999999999953
1767715657.607498,btc-updown-15m-1767715200,DOWN,0.72,0.71,0.715,-0.010000000000000009
1767715658.96508,btc-updown-15m-1767715200,DOWN,0.71,0.7,0.705,-0.010000000000000009
1767715658.965353,btc-updown-15m-1767715200,UP,0.3,0.29,0.295,-0.010000000000000009
1767715660.30953,btc-updown-15m-1767715200,DOWN,0.66,0.65,0.655,-0.010000000000000009
1767715660.3100228,btc-updown-15m-1767715200,UP,0.35,0.34,0.345,-0.009999999999999953
1767715661.684214,btc-updown-15m-1767715200,DOWN,0.63,0.62,0.625,-0.010000000000000009
1767715661.6845472,btc-updown-15m-1767715200,UP,0.38,0.37,0.375,-0.010000000000000009
1767715663.260511,btc-updown-15m-1767715200,UP,0.3,0.24,0.27,-0.06
1767715663.2611651,btc-updown-15m-1767715200,DOWN,0.76,0.7,0.73,-0.06000000000000005
1767715664.59391,btc-updown-15m-1767715200,UP,0.21,0.19,0.2,-0.01999999999999999
1767715664.5944262,btc-updown-15m-1767715200,DOWN,0.81,0.79,0.8,-0.020000000000000018
1767715665.939876,btc-updown-15m-1767715200,DOWN,0.79,0.78,0.785,-0.010000000000000009
1767715665.9404988,btc-updown-15m-1767715200,UP,0.22,0.21,0.215,-0.010000000000000009
1767715667.5397708,btc-updown-15m-1767715200,DOWN,0.8,0.79,0.795,-0.010000000000000009
1767715667.5403872,btc-updown-15m-1767715200,UP,0.21,0.2,0.20500000000000002,-0.009999999999999981
1767715668.895311,btc-updown-15m-1767715200,DOWN,0.77,0.75,0.76,-0.020000000000000018
1767715668.89545,btc-updown-15m-1767715200,UP,0.25,0.23,0.24,-0.01999999999999999
1767715670.468729,btc-updown-15m-1767715200,DOWN,0.79,0.78,0.785,-0.010000000000000009
1767715670.469292,btc-updown-15m-1767715200,UP,0.22,0.21,0.215,-0.010000000000000009
1767715671.8103092,btc-updown-15m-1767715200,DOWN,0.81,0.8,0.805,-0.010000000000000009
1767715671.8104541,btc-updown-15m-1767715200,UP,0.2,0.19,0.195,-0.010000000000000009
1767715673.164547,btc-updown-15m-1767715200,DOWN,0.83,0.82,0.825,-0.010000000000000009
1767715673.164653,btc-updown-15m-1767715200,UP,0.18,0.17,0.175,-0.009999999999999981
1767715674.506615,btc-updown-15m-1767715200,DOWN,0.84,0.83,0.835,-0.010000000000000009
1767715674.507117,btc-updown-15m-1767715200,UP,0.17,0.16,0.165,-0.010000000000000009
1767715675.861187,btc-updown-15m-1767715200,DOWN,0.85,0.84,0.845,-0.010000000000000009
1767715675.86132,btc-updown-15m-1767715200,UP,0.16,0.15,0.155,-0.010000000000000009
1767715677.2051961,btc-updown-15m-1767715200,UP,0.17,0.15,0.16,-0.020000000000000018
1767715677.205538,btc-updown-15m-1767715200,DOWN,0.84,0.83,0.835,-0.010000000000000009
1767715678.552634,btc-updown-15m-1767715200,UP,0.17,0.16,0.165,-0.010000000000000009
1767715678.553083,btc-updown-15m-1767715200,DOWN,0.84,0.83,0.835,-0.010000000000000009
1767715679.899921,btc-updown-15m-1767715200,DOWN,0.85,0.84,0.845,-0.010000000000000009
1767715679.900264,btc-updown-15m-1767715200,UP,0.16,0.15,0.155,-0.010000000000000009
1767715681.257005,btc-updown-15m-1767715200,UP,0.17,0.16,0.165,-0.010000000000000009
1767715681.257938,btc-updown-15m-1767715200,DOWN,0.84,0.83,0.835,-0.010000000000000009
1767715682.591903,btc-updown-15m-1767715200,UP,0.19,0.18,0.185,-0.010000000000000009
1767715682.592335,btc-updown-15m-1767715200,DOWN,0.82,0.81,0.815,-0.009999999999999898
1767715684.011293,btc-updown-15m-1767715200,DOWN,0.8,0.79,0.795,-0.010000000000000009
1767715684.011468,btc-updown-15m-1767715200,UP,0.21,0.2,0.20500000000000002,-0.009999999999999981
1767715685.675991,btc-updown-15m-1767715200,UP,0.21,0.2,0.20500000000000002,-0.009999999999999981
1767715685.676214,btc-updown-15m-1767715200,DOWN,0.8,0.79,0.795,-0.010000000000000009
1767715687.2718139,btc-updown-15m-1767715200,UP,0.2,0.19,0.195,-0.010000000000000009
1767715687.271999,btc-updown-15m-1767715200,DOWN,0.81,0.8,0.805,-0.010000000000000009
1767715688.609814,btc-updown-15m-1767715200,UP,0.21,0.2,0.20500000000000002,-0.009999999999999981
1767715688.609838,btc-updown-15m-1767715200,DOWN,0.8,0.79,0.795,-0.010000000000000009
1767715689.9627059,btc-updown-15m-1767715200,DOWN,0.8,0.79,0.795,-0.010000000000000009
1767715689.962941,btc-updown-15m-1767715200,UP,0.21,0.2,0.20500000000000002,-0.009999999999999981
1767715691.3215702,btc-updown-15m-1767715200,UP,0.2,0.19,0.195,-0.010000000000000009
1767715691.3217332,btc-updown-15m-1767715200,DOWN,0.81,0.8,0.805,-0.010000000000000009
1767715692.687298,btc-updown-15m-1767715200,DOWN,0.83,0.82,0.825,-0.010000000000000009
1767715692.687607,btc-updown-15m-1767715200,UP,0.18,0.17,0.175,-0.009999999999999981
1767715694.044242,btc-updown-15m-1767715200,UP,0.21,0.2,0.20500000000000002,-0.009999999999999981
1767715694.0445921,btc-updown-15m-1767715200,DOWN,0.8,0.79,0.795,-0.010000000000000009
1767715695.4046772,btc-updown-15m-1767715200,DOWN,0.8,0.79,0.795,-0.010000000000000009
1767715695.404945,btc-updown-15m-1767715200,UP,0.21,0.2,0.20500000000000002,-0.009999999999999981
1767715696.754445,btc-updown-15m-1767715200,UP,0.21,0.2,0.20500000000000002,-0.009999999999999981
1767715696.7547882,btc-updown-15m-1767715200,DOWN,0.8,0.79,0.795,-0.010000000000000009
1767715698.1034749,btc-updown-15m-1767715200,DOWN,0.82,0.81,0.815,-0.009999999999999898
1767715698.1099148,btc-updown-15m-1767715200,UP,0.19,0.18,0.185,-0.010000000000000009
1767715699.5754921,btc-updown-15m-1767715200,DOWN,0.83,0.82,0.825,-0.010000000000000009
1767715699.575637,btc-updown-15m-1767715200,UP,0.18,0.17,0.175,-0.009999999999999981
1767715700.920796,btc-updown-15m-1767715200,UP,0.18,0.17,0.175,-0.009999999999999981
1767715700.920856,btc-updown-15m-1767715200,DOWN,0.83,0.82,0.825,-0.010000000000000009
1767715702.3335,btc-updown-15m-1767715200,DOWN,0.85,0.84,0.845,-0.010000000000000009
1767715702.333878,btc-updown-15m-1767715200,UP,0.16,0.15,0.155,-0.010000000000000009
1767715703.7015722,btc-updown-15m-1767715200,DOWN,0.87,0.86,0.865,-0.010000000000000009
1767715703.701799,btc-updown-15m-1767715200,UP,0.14,0.13,0.135,-0.010000000000000009
1767715705.3310442,btc-updown-15m-1767715200,DOWN,0.87,0.86,0.865,-0.010000000000000009
1767715705.331317,btc-updown-15m-1767715200,UP,0.14,0.13,0.135,-0.010000000000000009
1767715706.7353652,btc-updown-15m-1767715200,DOWN,0.88,0.87,0.875,-0.010000000000000009
1767715706.7356422,btc-updown-15m-1767715200,UP,0.13,0.12,0.125,-0.010000000000000009
1767715708.157232,btc-updown-15m-1767715200,DOWN,0.88,0.87,0.875,-0.010000000000000009
1767715708.1579032,btc-updown-15m-1767715200,UP,0.13,0.12,0.125,-0.010000000000000009
1767715709.508903,btc-updown-15m-1767715200,UP,0.13,0.12,0.125,-0.010000000000000009
1767715709.509365,btc-updown-15m-1767715200,DOWN,0.88,0.87,0.875,-0.010000000000000009
1767715710.8424692,btc-updown-15m-1767715200,DOWN,0.86,0.85,0.855,-0.010000000000000009
1767715710.8428328,btc-updown-15m-1767715200,UP,0.15,0.14,0.14500000000000002,-0.009999999999999981
1767715712.42635,btc-updown-15m-1767715200,UP,0.15,0.14,0.14500000000000002,-0.009999999999999981
1767715712.426668,btc-updown-15m-1767715200,DOWN,0.86,0.85,0.855,-0.010000000000000009
1767715713.947486,btc-updown-15m-1767715200,UP,0.13,0.12,0.125,-0.010000000000000009
1767715713.947603,btc-updown-15m-1767715200,DOWN,0.88,0.87,0.875,-0.010000000000000009
1767715715.304779,btc-updown-15m-1767715200,UP,0.14,0.13,0.135,-0.010000000000000009
1767715715.3052192,btc-updown-15m-1767715200,DOWN,0.87,0.86,0.865,-0.010000000000000009
1767715716.818042,btc-updown-15m-1767715200,UP,0.11,0.1,0.10500000000000001,-0.009999999999999995
1767715716.818429,btc-updown-15m-1767715200,DOWN,0.9,0.89,0.895,-0.010000000000000009
1767715718.201741,btc-updown-15m-1767715200,UP,0.11,0.1,0.10500000000000001,-0.009999999999999995
1767715718.202168,btc-updown-15m-1767715200,DOWN,0.9,0.89,0.895,-0.010000000000000009
1767715719.7460558,btc-updown-15m-1767715200,DOWN,0.9,0.89,0.895,-0.010000000000000009
1767715719.7463958,btc-updown-15m-1767715200,UP,0.11,0.1,0.10500000000000001,-0.009999999999999995
1767715721.094112,btc-updown-15m-1767715200,UP,0.09,0.08,0.08499999999999999,-0.009999999999999995
1767715721.094398,btc-updown-15m-1767715200,DOWN,0.92,0.91,0.915,-0.010000000000000009
1767715722.779763,btc-updown-15m-1767715200,DOWN,0.91,0.9,0.905,-0.010000000000000009
1767715722.7798982,btc-updown-15m-1767715200,UP,0.1,0.09,0.095,-0.010000000000000009
1767715724.129347,btc-updown-15m-1767715200,UP,0.11,0.1,0.10500000000000001,-0.009999999999999995
1767715724.1293921,btc-updown-15m-1767715200,DOWN,0.9,0.89,0.895,-0.010000000000000009
1767715725.472131,btc-updown-15m-1767715200,UP,0.11,0.1,0.10500000000000001,-0.009999999999999995
1767715725.47219,btc-updown-15m-1767715200,DOWN,0.9,0.89,0.895,-0.010000000000000009
1767715726.824223,btc-updown-15m-1767715200,UP,0.1,0.09,0.095,-0.010000000000000009
1767715726.824497,btc-updown-15m-1767715200,DOWN,0.91,0.9,0.905,-0.010000000000000009
1767715728.184016,btc-updown-15m-1767715200,DOWN,0.91,0.9,0.905,-0.010000000000000009
1767715728.1841521,btc-updown-15m-1767715200,UP,0.1,0.09,0.095,-0.010000000000000009
1767715729.5255392,btc-updown-15m-1767715200,DOWN,0.9,0.89,0.895,-0.010000000000000009
1767715729.5257401,btc-updown-15m-1767715200,UP,0.11,0.1,0.10500000000000001,-0.009999999999999995
1767715731.000902,btc-updown-15m-1767715200,UP,0.1,0.09,0.095,-0.010000000000000009
1767715731.0011442,btc-updown-15m-1767715200,DOWN,0.91,0.9,0.905,-0.010000000000000009
1767715732.3498182,btc-updown-15m-1767715200,DOWN,0.91,0.9,0.905,-0.010000000000000009
1767715732.3499572,btc-updown-15m-1767715200,UP,0.1,0.09,0.095,-0.010000000000000009
1767715733.705806,btc-updown-15m-1767715200,UP,0.1,0.09,0.095,-0.010000000000000009
1767715733.7069812,btc-updown-15m-1767715200,DOWN,0.91,0.9,0.905,-0.010000000000000009
1767715735.202386,btc-updown-15m-1767715200,DOWN,0.92,0.9,0.91,-0.020000000000000018
1767715735.202938,btc-updown-15m-1767715200,UP,0.1,0.08,0.09,-0.020000000000000004
1767715736.544756,btc-updown-15m-1767715200,UP,0.1,0.09,0.095,-0.010000000000000009
1767715736.544964,btc-updown-15m-1767715200,DOWN,0.91,0.9,0.905,-0.010000000000000009
1767715737.8840792,btc-updown-15m-1767715200,DOWN,0.91,0.9,0.905,-0.010000000000000009
1767715737.884248,btc-updown-15m-1767715200,UP,0.1,0.09,0.095,-0.010000000000000009
1767715739.2199528,btc-updown-15m-1767715200,DOWN,0.91,0.9,0.905,-0.010000000000000009
1767715739.22075,btc-updown-15m-1767715200,UP,0.1,0.09,0.095,-0.010000000000000009
1767715740.567501,btc-updown-15m-1767715200,DOWN,0.91,0.9,0.905,-0.010000000000000009
1767715740.5676732,btc-updown-15m-1767715200,UP,0.1,0.09,0.095,-0.010000000000000009
1767715742.055309,btc-updown-15m-1767715200,DOWN,0.92,0.91,0.915,-0.010000000000000009
1767715742.055557,btc-updown-15m-1767715200,UP,0.09,0.08,0.08499999999999999,-0.009999999999999995
1767715743.404156,btc-updown-15m-1767715200,UP,0.1,0.08,0.09,-0.020000000000000004
1767715743.404313,btc-updown-15m-1767715200,DOWN,0.92,0.9,0.91,-0.020000000000000018
1767715744.752148,btc-updown-15m-1767715200,DOWN,0.91,0.89,0.9,-0.020000000000000018
1767715744.7534342,btc-updown-15m-1767715200,UP,0.11,0.09,0.1,-0.020000000000000004
1767715746.3553832,btc-updown-15m-1767715200,UP,0.11,0.1,0.10500000000000001,-0.009999999999999995
1767715746.355527,btc-updown-15m-1767715200,DOWN,0.9,0.89,0.895,-0.010000000000000009
1767715747.707458,btc-updown-15m-1767715200,UP,0.1,0.09,0.095,-0.010000000000000009
1767715747.7076638,btc-updown-15m-1767715200,DOWN,0.91,0.9,0.905,-0.010000000000000009
1767715749.046814,btc-updown-15m-1767715200,UP,0.1,0.09,0.095,-0.010000000000000009
1767715749.059686,btc-updown-15m-1767715200,DOWN,0.91,0.9,0.905,-0.010000000000000009
1767715750.402316,btc-updown-15m-1767715200,UP,0.1,0.09,0.095,-0.010000000000000009
1767715750.402752,btc-updown-15m-1767715200,DOWN,0.91,0.9,0.905,-0.010000000000000009
1767715751.763909,btc-updown-15m-1767715200,UP,0.11,0.09,0.1,-0.020000000000000004
1767715751.764266,btc-updown-15m-1767715200,DOWN,0.91,0.89,0.9,-0.020000000000000018
1767715753.1192162,btc-updown-15m-1767715200,DOWN,0.9,0.89,0.895,-0.010000000000000009
1767715753.1193979,btc-updown-15m-1767715200,UP,0.11,0.1,0.10500000000000001,-0.009999999999999995
1767715754.471646,btc-updown-15m-1767715200,UP,0.11,0.1,0.10500000000000001,-0.009999999999999995
1767715754.472109,btc-updown-15m-1767715200,DOWN,0.9,0.89,0.895,-0.010000000000000009
1767715755.815105,btc-updown-15m-1767715200,UP,0.11,0.1,0.10500000000000001,-0.009999999999999995
1767715755.8159292,btc-updown-15m-1767715200,DOWN,0.9,0.89,0.895,-0.010000000000000009
1767715757.182799,btc-updown-15m-1767715200,UP,0.1,0.09,0.095,-0.010000000000000009
1767715757.183087,btc-updown-15m-1767715200,DOWN,0.91,0.9,0.905,-0.010000000000000009
1767715758.526137,btc-updown-15m-1767715200,DOWN,0.91,0.9,0.905,-0.010000000000000009
1767715758.526457,btc-updown-15m-1767715200,UP,0.1,0.09,0.095,-0.010000000000000009
1767715759.881726,btc-updown-15m-1767715200,UP,0.09,0.08,0.08499999999999999,-0.009999999999999995
1767715759.882109,btc-updown-15m-1767715200,DOWN,0.92,0.91,0.915,-0.010000000000000009
1767715761.2168992,btc-updown-15m-1767715200,DOWN,0.91,0.9,0.905,-0.010000000000000009
1767715761.217042,btc-updown-15m-1767715200,UP,0.1,0.09,0.095,-0.010000000000000009
1767715762.574712,btc-updown-15m-1767715200,DOWN,0.9,0.89,0.895,-0.010000000000000009
1767715762.5752058,btc-updown-15m-1767715200,UP,0.11,0.1,0.10500000000000001,-0.009999999999999995
1767715763.9238012,btc-updown-15m-1767715200,DOWN,0.9,0.89,0.895,-0.010000000000000009
1767715763.923884,btc-updown-15m-1767715200,UP,0.11,0.1,0.10500000000000001,-0.009999999999999995
1767715765.2715,btc-updown-15m-1767715200,DOWN,0.9,0.89,0.895,-0.010000000000000009
1767715765.271921,btc-updown-15m-1767715200,UP,0.11,0.1,0.10500000000000001,-0.009999999999999995
1767715766.621344,btc-updown-15m-1767715200,UP,0.11,0.1,0.10500000000000001,-0.009999999999999995
1767715766.621513,btc-updown-15m-1767715200,DOWN,0.9,0.89,0.895,-0.010000000000000009
1767715767.9644969,btc-updown-15m-1767715200,DOWN,0.89,0.88,0.885,-0.010000000000000009
1767715767.964781,btc-updown-15m-1767715200,UP,0.12,0.11,0.11499999999999999,-0.009999999999999995
1767715769.548851,btc-updown-15m-1767715200,DOWN,0.9,0.89,0.895,-0.010000000000000009
1767715769.54917,btc-updown-15m-1767715200,UP,0.11,0.1,0.10500000000000001,-0.009999999999999995
1767715770.88431,btc-updown-15m-1767715200,UP,0.1,0.09,0.095,-0.010000000000000009
1767715770.884676,btc-updown-15m-1767715200,DOWN,0.91,0.9,0.905,-0.010000000000000009
1767715772.232107,btc-updown-15m-1767715200,DOWN,0.89,0.88,0.885,-0.010000000000000009
1767715772.232285,btc-updown-15m-1767715200,UP,0.12,0.11,0.11499999999999999,-0.009999999999999995
1767715773.5775108,btc-updown-15m-1767715200,DOWN,0.87,0.86,0.865,-0.010000000000000009
1767715773.57797,btc-updown-15m-1767715200,UP,0.14,0.13,0.135,-0.010000000000000009
1767715774.925102,btc-updown-15m-1767715200,DOWN,0.89,0.88,0.885,-0.010000000000000009
1767715774.9255528,btc-updown-15m-1767715200,UP,0.12,0.11,0.11499999999999999,-0.009999999999999995
1767715776.278259,btc-updown-15m-1767715200,DOWN,0.9,0.89,0.895,-0.010000000000000009
1767715776.278534,btc-updown-15m-1767715200,UP,0.11,0.1,0.10500000000000001,-0.009999999999999995
1767715777.615345,btc-updown-15m-1767715200,UP,0.12,0.1,0.11,-0.01999999999999999
1767715777.615442,btc-updown-15m-1767715200,DOWN,0.9,0.88,0.89,-0.020000000000000018
1767715778.9661272,btc-updown-15m-1767715200,DOWN,0.9,0.89,0.895,-0.010000000000000009
1767715778.966413,btc-updown-15m-1767715200,UP,0.11,0.1,0.10500000000000001,-0.009999999999999995
1767715780.314413,btc-updown-15m-1767715200,UP,0.11,0.1,0.10500000000000001,-0.009999999999999995
1767715780.314522,btc-updown-15m-1767715200,DOWN,0.9,0.89,0.895,-0.010000000000000009
1767715781.8747132,btc-updown-15m-1767715200,DOWN,0.9,0.89,0.895,-0.010000000000000009
1767715781.874977,btc-updown-15m-1767715200,UP,0.11,0.1,0.10500000000000001,-0.009999999999999995
1767715783.215644,btc-updown-15m-1767715200,UP,0.1,0.09,0.095,-0.010000000000000009
1767715783.216376,btc-updown-15m-1767715200,DOWN,0.91,0.9,0.905,-0.010000000000000009
1767715784.550644,btc-updown-15m-1767715200,UP,0.1,0.09,0.095,-0.010000000000000009
1767715784.5506911,btc-updown-15m-1767715200,DOWN,0.91,0.9,0.905,-0.010000000000000009
1767715785.969454,btc-updown-15m-1767715200,DOWN,0.91,0.9,0.905,-0.010000000000000009
1767715785.970068,btc-updown-15m-1767715200,UP,0.1,0.09,0.095,-0.010000000000000009
1767715787.302476,btc-updown-15m-1767715200,UP,0.1,0.09,0.095,-0.010000000000000009
1767715787.3119402,btc-updown-15m-1767715200,DOWN,0.91,0.9,0.905,-0.010000000000000009
1767715788.6539872,btc-updown-15m-1767715200,UP,0.09,0.08,0.08499999999999999,-0.009999999999999995
1767715788.654542,btc-updown-15m-1767715200,DOWN,0.92,0.91,0.915,-0.010000000000000009
1767715790.0499709,btc-updown-15m-1767715200,UP,0.09,0.08,0.08499999999999999,-0.009999999999999995
1767715790.050405,btc-updown-15m-1767715200,DOWN,0.92,0.91,0.915,-0.010000000000000009
1767715791.395319,btc-updown-15m-1767715200,UP,0.1,0.09,0.095,-0.010000000000000009
1767715791.3954802,btc-updown-15m-1767715200,DOWN,0.91,0.9,0.905,-0.010000000000000009
1767715792.762675,btc-updown-15m-1767715200,DOWN,0.89,0.88,0.885,-0.010000000000000009
1767715792.763034,btc-updown-15m-1767715200,UP,0.12,0.11,0.11499999999999999,-0.009999999999999995
1767715794.1162739,btc-updown-15m-1767715200,UP,0.11,0.1,0.10500000000000001,-0.009999999999999995
1767715794.116755,btc-updown-15m-1767715200,DOWN,0.9,0.89,0.895,-0.010000000000000009
1767715796.1303942,btc-updown-15m-1767715200,DOWN,0.88,0.87,0.875,-0.010000000000000009
1767715796.131042,btc-updown-15m-1767715200,UP,0.13,0.12,0.125,-0.010000000000000009
1767715797.499947,btc-updown-15m-1767715200,DOWN,0.88,0.87,0.875,-0.010000000000000009
1767715797.500193,btc-updown-15m-1767715200,UP,0.13,0.12,0.125,-0.010000000000000009
1767715798.837385,btc-updown-15m-1767715200,DOWN,0.88,0.87,0.875,-0.010000000000000009
1767715798.837663,btc-updown-15m-1767715200,UP,0.13,0.12,0.125,-0.010000000000000009
1767715800.1731572,btc-updown-15m-1767715200,UP,0.12,0.11,0.11499999999999999,-0.009999999999999995
1767715800.1737971,btc-updown-15m-1767715200,DOWN,0.89,0.88,0.885,-0.010000000000000009
1767715801.513452,btc-updown-15m-1767715200,UP,0.14,0.13,0.135,-0.010000000000000009
1767715801.514139,btc-updown-15m-1767715200,DOWN,0.87,0.86,0.865,-0.010000000000000009
1767715802.869846,btc-updown-15m-1767715200,UP,0.14,0.13,0.135,-0.010000000000000009
1767715802.870122,btc-updown-15m-1767715200,DOWN,0.87,0.86,0.865,-0.010000000000000009
1767715804.225646,btc-updown-15m-1767715200,DOWN,0.84,0.82,0.83,-0.020000000000000018
1767715804.2262988,btc-updown-15m-1767715200,UP,0.18,0.16,0.16999999999999998,-0.01999999999999999
1767715805.588338,btc-updown-15m-1767715200,UP,0.18,0.16,0.16999999999999998,-0.01999999999999999
1767715805.5886889,btc-updown-15m-1767715200,DOWN,0.84,0.82,0.83,-0.020000000000000018
1767715806.943881,btc-updown-15m-1767715200,DOWN,0.83,0.82,0.825,-0.010000000000000009
1767715806.944706,btc-updown-15m-1767715200,UP,0.18,0.17,0.175,-0.009999999999999981
1767715808.285763,btc-updown-15m-1767715200,UP,0.17,0.16,0.165,-0.010000000000000009
1767715808.2864268,btc-updown-15m-1767715200,DOWN,0.84,0.83,0.835,-0.010000000000000009
1767715809.639787,btc-updown-15m-1767715200,UP,0.17,0.16,0.165,-0.010000000000000009
1767715809.640202,btc-updown-15m-1767715200,DOWN,0.84,0.83,0.835,-0.010000000000000009
1767715810.9760928,btc-updown-15m-1767715200,UP,0.16,0.15,0.155,-0.010000000000000009
1767715810.976915,btc-updown-15m-1767715200,DOWN,0.85,0.84,0.845,-0.010000000000000009
1767715812.317083,btc-updown-15m-1767715200,UP,0.17,0.16,0.165,-0.010000000000000009
1767715812.317378,btc-updown-15m-1767715200,DOWN,0.84,0.83,0.835,-0.010000000000000009
1767715813.958134,btc-updown-15m-1767715200,UP,0.18,0.17,0.175,-0.009999999999999981
1767715813.958864,btc-updown-15m-1767715200,DOWN,0.83,0.82,0.825,-0.010000000000000009
1767715815.31661,btc-updown-15m-1767715200,DOWN,0.83,0.82,0.825,-0.010000000000000009
1767715815.316869,btc-updown-15m-1767715200,UP,0.18,0.17,0.175,-0.009999999999999981
1767715816.659744,btc-updown-15m-1767715200,UP,0.18,0.17,0.175,-0.009999999999999981
1767715816.660285,btc-updown-15m-1767715200,DOWN,0.83,0.82,0.825,-0.010000000000000009
1767715817.9927628,btc-updown-15m-1767715200,DOWN,0.84,0.83,0.835,-0.010000000000000009
1767715818.0018618,btc-updown-15m-1767715200,UP,0.17,0.16,0.165,-0.010000000000000009
1767715819.351449,btc-updown-15m-1767715200,DOWN,0.84,0.83,0.835,-0.010000000000000009
1767715819.351851,btc-updown-15m-1767715200,UP,0.17,0.16,0.165,-0.010000000000000009
1767715820.709078,btc-updown-15m-1767715200,DOWN,0.84,0.83,0.835,-0.010000000000000009
1767715820.709507,btc-updown-15m-1767715200,UP,0.17,0.16,0.165,-0.010000000000000009
1767715822.0890071,btc-updown-15m-1767715200,UP,0.17,0.16,0.165,-0.010000000000000009
1767715822.089241,btc-updown-15m-1767715200,DOWN,0.84,0.83,0.835,-0.010000000000000009
1767715823.433967,btc-updown-15m-1767715200,DOWN,0.85,0.84,0.845,-0.010000000000000009
1767715823.43439,btc-updown-15m-1767715200,UP,0.16,0.15,0.155,-0.010000000000000009
1767715824.7955358,btc-updown-15m-1767715200,UP,0.13,0.12,0.125,-0.010000000000000009
1767715824.807971,btc-updown-15m-1767715200,DOWN,0.88,0.87,0.875,-0.010000000000000009
1767715826.149468,btc-updown-15m-1767715200,UP,0.15,0.14,0.14500000000000002,-0.009999999999999981
1767715826.1495092,btc-updown-15m-1767715200,DOWN,0.86,0.85,0.855,-0.010000000000000009
1767715827.9769542,btc-updown-15m-1767715200,DOWN,0.9,0.89,0.895,-0.010000000000000009
1767715827.977281,btc-updown-15m-1767715200,UP,0.11,0.1,0.10500000000000001,-0.009999999999999995
1767715829.318411,btc-updown-15m-1767715200,UP,0.1,0.09,0.095,-0.010000000000000009
1767715829.318805,btc-updown-15m-1767715200,DOWN,0.91,0.9,0.905,-0.010000000000000009
1767715830.6778681,btc-updown-15m-1767715200,UP,0.1,0.09,0.095,-0.010000000000000009
1767715830.67813,btc-updown-15m-1767715200,DOWN,0.91,0.9,0.905,-0.010000000000000009
1767715832.029402,btc-updown-15m-1767715200,UP,0.1,0.09,0.095,-0.010000000000000009
1767715832.0298529,btc-updown-15m-1767715200,DOWN,0.91,0.9,0.905,-0.010000000000000009
1767715833.399779,btc-updown-15m-1767715200,UP,0.1,0.08,0.09,-0.020000000000000004
1767715833.400387,btc-updown-15m-1767715200,DOWN,0.92,0.9,0.91,-0.020000000000000018
1767715834.8316128,btc-updown-15m-1767715200,DOWN,0.91,0.9,0.905,-0.010000000000000009
1767715834.831882,btc-updown-15m-1767715200,UP,0.1,0.09,0.095,-0.010000000000000009
1767715836.197199,btc-updown-15m-1767715200,DOWN,0.91,0.9,0.905,-0.010000000000000009
1767715836.1974669,btc-updown-15m-1767715200,UP,0.1,0.09,0.095,-0.010000000000000009
1767715837.5389051,btc-updown-15m-1767715200,UP,0.12,0.11,0.11499999999999999,-0.009999999999999995
1767715837.5391512,btc-updown-15m-1767715200,DOWN,0.89,0.88,0.885,-0.010000000000000009
1767715838.886772,btc-updown-15m-1767715200,UP,0.13,0.12,0.125,-0.010000000000000009
1767715838.8870049,btc-updown-15m-1767715200,DOWN,0.88,0.87,0.875,-0.010000000000000009
1767715840.224651,btc-updown-15m-1767715200,UP,0.12,0.11,0.11499999999999999,-0.009999999999999995
1767715840.224921,btc-updown-15m-1767715200,DOWN,0.89,0.88,0.885,-0.010000000000000009
1767715841.5638452,btc-updown-15m-1767715200,UP,0.13,0.12,0.125,-0.010000000000000009
1767715841.564594,btc-updown-15m-1767715200,DOWN,0.88,0.87,0.875,-0.010000000000000009
1767715842.91692,btc-updown-15m-1767715200,UP,0.14,0.13,0.135,-0.010000000000000009
1767715842.917572,btc-updown-15m-1767715200,DOWN,0.87,0.86,0.865,-0.010000000000000009
1767715844.420885,btc-updown-15m-1767715200,DOWN,0.88,0.87,0.875,-0.010000000000000009
1767715844.4211788,btc-updown-15m-1767715200,UP,0.13,0.12,0.125,-0.010000000000000009
1767715845.780812,btc-updown-15m-1767715200,UP,0.14,0.13,0.135,-0.010000000000000009
1767715845.781249,btc-updown-15m-1767715200,DOWN,0.87,0.86,0.865,-0.010000000000000009
1767715847.2212439,btc-updown-15m-1767715200,UP,0.16,0.15,0.155,-0.010000000000000009
1767715847.22133,btc-updown-15m-1767715200,DOWN,0.85,0.84,0.845,-0.010000000000000009
1767715848.559283,btc-updown-15m-1767715200,DOWN,0.85,0.84,0.845,-0.010000000000000009
1767715848.56017,btc-updown-15m-1767715200,UP,0.16,0.15,0.155,-0.010000000000000009
1767715849.9048069,btc-updown-15m-1767715200,UP,0.16,0.15,0.155,-0.010000000000000009
1767715849.905471,btc-updown-15m-1767715200,DOWN,0.85,0.84,0.845,-0.010000000000000009
1767715851.2409,btc-updown-15m-1767715200,DOWN,0.87,0.86,0.865,-0.010000000000000009
1767715851.241132,btc-updown-15m-1767715200,UP,0.14,0.13,0.135,-0.010000000000000009
1767715852.576412,btc-updown-15m-1767715200,UP,0.14,0.13,0.135,-0.010000000000000009
1767715852.576697,btc-updown-15m-1767715200,DOWN,0.87,0.86,0.865,-0.010000000000000009
1767715853.931243,btc-updown-15m-1767715200,UP,0.14,0.13,0.135,-0.010000000000000009
1767715853.9314911,btc-updown-15m-1767715200,DOWN,0.87,0.86,0.865,-0.010000000000000009
1767715855.27774,btc-updown-15m-1767715200,UP,0.14,0.13,0.135,-0.010000000000000009
1767715855.278007,btc-updown-15m-1767715200,DOWN,0.87,0.86,0.865,-0.010000000000000009
1767715856.609945,btc-updown-15m-1767715200,UP,0.16,0.15,0.155,-0.010000000000000009
1767715856.614557,btc-updown-15m-1767715200,DOWN,0.85,0.84,0.845,-0.010000000000000009
1767715858.107936,btc-updown-15m-1767715200,UP,0.17,0.16,0.165,-0.010000000000000009
1767715858.108303,btc-updown-15m-1767715200,DOWN,0.84,0.83,0.835,-0.010000000000000009
1767715859.4651132,btc-updown-15m-1767715200,UP,0.18,0.16,0.16999999999999998,-0.01999999999999999
1767715859.465488,btc-updown-15m-1767715200,DOWN,0.84,0.82,0.83,-0.020000000000000018
1767715860.802272,btc-updown-15m-1767715200,DOWN,0.86,0.85,0.855,-0.010000000000000009
1767715860.802665,btc-updown-15m-1767715200,UP,0.15,0.14,0.14500000000000002,-0.009999999999999981
1767715862.174347,btc-updown-15m-1767715200,DOWN,0.87,0.86,0.865,-0.010000000000000009
1767715862.174724,btc-updown-15m-1767715200,UP,0.14,0.13,0.135,-0.010000000000000009
1767715863.81122,btc-updown-15m-1767715200,DOWN,0.87,0.86,0.865,-0.010000000000000009
1767715863.8115048,btc-updown-15m-1767715200,UP,0.14,0.13,0.135,-0.010000000000000009
1767715865.253351,btc-updown-15m-1767715200,DOWN,0.82,0.81,0.815,-0.009999999999999898
1767715865.253746,btc-updown-15m-1767715200,UP,0.19,0.17,0.18,-0.01999999999999999
1767715866.590531,btc-updown-15m-1767715200,DOWN,0.83,0.82,0.825,-0.010000000000000009
1767715866.5913541,btc-updown-15m-1767715200,UP,0.18,0.17,0.175,-0.009999999999999981
1767715867.940347,btc-updown-15m-1767715200,UP,0.17,0.16,0.165,-0.010000000000000009
1767715867.9409869,btc-updown-15m-1767715200,DOWN,0.84,0.83,0.835,-0.010000000000000009
1767715869.272063,btc-updown-15m-1767715200,DOWN,0.84,0.83,0.835,-0.010000000000000009
1767715869.272647,btc-updown-15m-1767715200,UP,0.17,0.16,0.165,-0.010000000000000009
1767715870.60817,btc-updown-15m-1767715200,UP,0.17,0.16,0.165,-0.010000000000000009
1767715870.608454,btc-updown-15m-1767715200,DOWN,0.84,0.83,0.835,-0.010000000000000009
1767715871.9517598,btc-updown-15m-1767715200,UP,0.15,0.14,0.14500000000000002,-0.009999999999999981
1767715871.952258,btc-updown-15m-1767715200,DOWN,0.86,0.85,0.855,-0.010000000000000009
1767715873.3428512,btc-updown-15m-1767715200,UP,0.15,0.14,0.14500000000000002,-0.009999999999999981
1767715873.343364,btc-updown-15m-1767715200,DOWN,0.86,0.85,0.855,-0.010000000000000009
1767715874.679992,btc-updown-15m-1767715200,DOWN,0.86,0.85,0.855,-0.010000000000000009
1767715874.6803432,btc-updown-15m-1767715200,UP,0.15,0.14,0.14500000000000002,-0.009999999999999981
1767715876.300448,btc-updown-15m-1767715200,DOWN,0.9,0.89,0.895,-0.010000000000000009
1767715876.3005729,btc-updown-15m-1767715200,UP,0.11,0.1,0.10500000000000001,-0.009999999999999995
1767715877.6968808,btc-updown-15m-1767715200,DOWN,0.9,0.89,0.895,-0.010000000000000009
1767715877.696964,btc-updown-15m-1767715200,UP,0.11,0.1,0.10500000000000001,-0.009999999999999995
1767715879.038028,btc-updown-15m-1767715200,DOWN,0.91,0.9,0.905,-0.010000000000000009
1767715879.038391,btc-updown-15m-1767715200,UP,0.1,0.09,0.095,-0.010000000000000009
1767715880.379488,btc-updown-15m-1767715200,DOWN,0.91,0.9,0.905,-0.010000000000000009
1767715880.38023,btc-updown-15m-1767715200,UP,0.1,0.09,0.095,-0.010000000000000009
1767715881.791295,btc-updown-15m-1767715200,DOWN,0.91,0.9,0.905,-0.010000000000000009
1767715881.791481,btc-updown-15m-1767715200,UP,0.1,0.09,0.095,-0.010000000000000009
1767715883.133051,btc-updown-15m-1767715200,UP,0.12,0.11,0.11499999999999999,-0.009999999999999995
1767715883.1339679,btc-updown-15m-1767715200,DOWN,0.89,0.88,0.885,-0.010000000000000009
1767715884.6220632,btc-updown-15m-1767715200,UP,0.12,0.11,0.11499999999999999,-0.009999999999999995
1767715884.622735,btc-updown-15m-1767715200,DOWN,0.89,0.88,0.885,-0.010000000000000009
1767715885.959702,btc-updown-15m-1767715200,UP,0.12,0.11,0.11499999999999999,-0.009999999999999995
1767715885.960344,btc-updown-15m-1767715200,DOWN,0.89,0.88,0.885,-0.010000000000000009
1767715887.556858,btc-updown-15m-1767715200,UP,0.11,0.1,0.10500000000000001,-0.009999999999999995
1767715887.5689678,btc-updown-15m-1767715200,DOWN,0.9,0.89,0.895,-0.010000000000000009
1767715888.90735,btc-updown-15m-1767715200,UP,0.1,0.09,0.095,-0.010000000000000009
1767715888.9076,btc-updown-15m-1767715200,DOWN,0.91,0.9,0.905,-0.010000000000000009
1767715890.2405639,btc-updown-15m-1767715200,UP,0.12,0.1,0.11,-0.01999999999999999
1767715890.254187,btc-updown-15m-1767715200,DOWN,0.9,0.88,0.89,-0.020000000000000018
1767715891.6493309,btc-updown-15m-1767715200,DOWN,0.89,0.87,0.88,-0.020000000000000018
1767715891.65006,btc-updown-15m-1767715200,UP,0.13,0.11,0.12,-0.020000000000000004
1767715893.022076,btc-updown-15m-1767715200,DOWN,0.89,0.88,0.885,-0.010000000000000009
1767715893.022509,btc-updown-15m-1767715200,UP,0.12,0.11,0.11499999999999999,-0.009999999999999995
1767715894.359852,btc-updown-15m-1767715200,UP,0.12,0.11,0.11499999999999999,-0.009999999999999995
1767715894.361695,btc-updown-15m-1767715200,DOWN,0.89,0.88,0.885,-0.010000000000000009
1767715895.69171,btc-updown-15m-1767715200,UP,0.12,0.11,0.11499999999999999,-0.009999999999999995
1767715895.7108412,btc-updown-15m-1767715200,DOWN,0.89,0.88,0.885,-0.010000000000000009
1767715897.0703669,btc-updown-15m-1767715200,UP,0.12,0.1,0.11,-0.01999999999999999
1767715897.070745,btc-updown-15m-1767715200,DOWN,0.9,0.88,0.89,-0.020000000000000018
1767715898.4081879,btc-updown-15m-1767715200,DOWN,0.88,0.87,0.875,-0.010000000000000009
1767715898.411146,btc-updown-15m-1767715200,UP,0.13,0.12,0.125,-0.010000000000000009
1767715899.7552152,btc-updown-15m-1767715200,UP,0.13,0.12,0.125,-0.010000000000000009
1767715899.755758,btc-updown-15m-1767715200,DOWN,0.88,0.87,0.875,-0.010000000000000009
1767715901.1096609,btc-updown-15m-1767715200,UP,0.13,0.12,0.125,-0.010000000000000009
1767715901.110066,btc-updown-15m-1767715200,DOWN,0.88,0.87,0.875,-0.010000000000000009
1767715902.728276,btc-updown-15m-1767715200,UP,0.14,0.13,0.135,-0.010000000000000009
1767715902.728697,btc-updown-15m-1767715200,DOWN,0.87,0.86,0.865,-0.010000000000000009
1767715904.1173089,btc-updown-15m-1767715200,DOWN,0.87,0.86,0.865,-0.010000000000000009
1767715904.117561,btc-updown-15m-1767715200,UP,0.14,0.13,0.135,-0.010000000000000009
1767715905.48649,btc-updown-15m-1767715200,UP,0.13,0.12,0.125,-0.010000000000000009
1767715905.487177,btc-updown-15m-1767715200,DOWN,0.88,0.87,0.875,-0.010000000000000009
1767715907.22887,btc-updown-15m-1767715200,DOWN,0.88,0.87,0.875,-0.010000000000000009
1767715907.2295349,btc-updown-15m-1767715200,UP,0.13,0.12,0.125,-0.010000000000000009
1767715908.577804,btc-updown-15m-1767715200,DOWN,0.88,0.87,0.875,-0.010000000000000009
1767715908.578515,btc-updown-15m-1767715200,UP,0.13,0.12,0.125,-0.010000000000000009
1767715909.9202518,btc-updown-15m-1767715200,DOWN,0.88,0.87,0.875,-0.010000000000000009
1767715909.9206111,btc-updown-15m-1767715200,UP,0.13,0.12,0.125,-0.010000000000000009
1767715911.274476,btc-updown-15m-1767715200,DOWN,0.88,0.87,0.875,-0.010000000000000009
1767715911.2746592,btc-updown-15m-1767715200,UP,0.13,0.12,0.125,-0.010000000000000009
1767715912.6199281,btc-updown-15m-1767715200,DOWN,0.89,0.88,0.885,-0.010000000000000009
1767715912.6206012,btc-updown-15m-1767715200,UP,0.12,0.11,0.11499999999999999,-0.009999999999999995
1767715913.950918,btc-updown-15m-1767715200,DOWN,0.9,0.89,0.895,-0.010000000000000009
1767715913.951245,btc-updown-15m-1767715200,UP,0.11,0.1,0.10500000000000001,-0.009999999999999995
1767715915.304214,btc-updown-15m-1767715200,UP,0.09,0.08,0.08499999999999999,-0.009999999999999995
1767715915.304856,btc-updown-15m-1767715200,DOWN,0.92,0.91,0.915,-0.010000000000000009
1767715916.654067,btc-updown-15m-1767715200,DOWN,0.93,0.92,0.925,-0.010000000000000009
1767715916.654798,btc-updown-15m-1767715200,UP,0.08,0.07,0.07500000000000001,-0.009999999999999995
1767715918.007406,btc-updown-15m-1767715200,UP,0.06,0.05,0.055,-0.009999999999999995
1767715918.0079749,btc-updown-15m-1767715200,DOWN,0.95,0.94,0.945,-0.010000000000000009
1767715919.3752892,btc-updown-15m-1767715200,UP,0.08,0.07,0.07500000000000001,-0.009999999999999995
1767715919.375426,btc-updown-15m-1767715200,DOWN,0.93,0.92,0.925,-0.010000000000000009
1767715920.726306,btc-updown-15m-1767715200,DOWN,0.95,0.94,0.945,-0.010000000000000009
1767715920.727096,btc-updown-15m-1767715200,UP,0.06,0.05,0.055,-0.009999999999999995
1767715922.060807,btc-updown-15m-1767715200,DOWN,0.95,0.94,0.945,-0.010000000000000009
1767715922.061165,btc-updown-15m-1767715200,UP,0.06,0.05,0.055,-0.009999999999999995
1767715923.512384,btc-updown-15m-1767715200,DOWN,0.96,0.95,0.955,-0.010000000000000009
1767715923.512684,btc-updown-15m-1767715200,UP,0.05,0.04,0.045,-0.010000000000000002
1767715924.859228,btc-updown-15m-1767715200,DOWN,0.96,0.95,0.955,-0.010000000000000009
1767715924.859524,btc-updown-15m-1767715200,UP,0.05,0.04,0.045,-0.010000000000000002
1767715926.2190561,btc-updown-15m-1767715200,UP,0.09,0.07,0.08,-0.01999999999999999
1767715926.219713,btc-updown-15m-1767715200,DOWN,0.93,0.91,0.92,-0.020000000000000018
1767715927.5746298,btc-updown-15m-1767715200,DOWN,0.91,0.88,0.895,-0.030000000000000027
1767715927.574869,btc-updown-15m-1767715200,UP,0.12,0.09,0.105,-0.03
1767715928.914025,btc-updown-15m-1767715200,UP,0.12,0.11,0.11499999999999999,-0.009999999999999995
1767715928.9144802,btc-updown-15m-1767715200,DOWN,0.89,0.88,0.885,-0.010000000000000009
1767715930.262413,btc-updown-15m-1767715200,DOWN,0.9,0.88,0.89,-0.020000000000000018
1767715930.2626948,btc-updown-15m-1767715200,UP,0.12,0.1,0.11,-0.01999999999999999
1767715932.085391,btc-updown-15m-1767715200,UP,0.12,0.11,0.11499999999999999,-0.009999999999999995
1767715932.085866,btc-updown-15m-1767715200,DOWN,0.89,0.88,0.885,-0.010000000000000009
1767715933.618321,btc-updown-15m-1767715200,UP,0.17,0.16,0.165,-0.010000000000000009
1767715933.618755,btc-updown-15m-1767715200,DOWN,0.84,0.83,0.835,-0.010000000000000009
1767715934.976599,btc-updown-15m-1767715200,DOWN,0.84,0.83,0.835,-0.010000000000000009
1767715934.976877,btc-updown-15m-1767715200,UP,0.17,0.16,0.165,-0.010000000000000009
1767715936.329132,btc-updown-15m-1767715200,DOWN,0.83,0.82,0.825,-0.010000000000000009
1767715936.3293052,btc-updown-15m-1767715200,UP,0.18,0.17,0.175,-0.009999999999999981
1767715937.6724758,btc-updown-15m-1767715200,UP,0.18,0.16,0.16999999999999998,-0.01999999999999999
1767715937.672576,btc-updown-15m-1767715200,DOWN,0.84,0.82,0.83,-0.020000000000000018
1767715939.079919,btc-updown-15m-1767715200,UP,0.16,0.15,0.155,-0.010000000000000009
1767715939.0802171,btc-updown-15m-1767715200,DOWN,0.85,0.84,0.845,-0.010000000000000009
1767715940.443437,btc-updown-15m-1767715200,UP,0.16,0.15,0.155,-0.010000000000000009
1767715940.4439628,btc-updown-15m-1767715200,DOWN,0.85,0.84,0.845,-0.010000000000000009
1767715942.1678898,btc-updown-15m-1767715200,UP,0.14,0.13,0.135,-0.010000000000000009
1767715942.168316,btc-updown-15m-1767715200,DOWN,0.87,0.86,0.865,-0.010000000000000009
1767715943.697338,btc-updown-15m-1767715200,UP,0.15,0.14,0.14500000000000002,-0.009999999999999981
1767715943.6980329,btc-updown-15m-1767715200,DOWN,0.86,0.85,0.855,-0.010000000000000009
1767715945.034485,btc-updown-15m-1767715200,UP,0.19,0.18,0.185,-0.010000000000000009
1767715945.035121,btc-updown-15m-1767715200,DOWN,0.82,0.81,0.815,-0.009999999999999898
1767715946.377208,btc-updown-15m-1767715200,UP,0.2,0.19,0.195,-0.010000000000000009
1767715946.377377,btc-updown-15m-1767715200,DOWN,0.81,0.8,0.805,-0.010000000000000009
1767715947.7232692,btc-updown-15m-1767715200,UP,0.2,0.18,0.19,-0.020000000000000018
1767715947.7236779,btc-updown-15m-1767715200,DOWN,0.82,0.8,0.81,-0.019999999999999907
1767715949.087994,btc-updown-15m-1767715200,DOWN,0.8,0.79,0.795,-0.010000000000000009
1767715949.0886872,btc-updown-15m-1767715200,UP,0.21,0.2,0.20500000000000002,-0.009999999999999981
1767715950.434703,btc-updown-15m-1767715200,UP,0.19,0.18,0.185,-0.010000000000000009
1767715950.435008,btc-updown-15m-1767715200,DOWN,0.82,0.81,0.815,-0.009999999999999898
1767715951.815905,btc-updown-15m-1767715200,UP,0.24,0.23,0.235,-0.009999999999999981
1767715951.816894,btc-updown-15m-1767715200,DOWN,0.77,0.76,0.765,-0.010000000000000009
1767715953.153725,btc-updown-15m-1767715200,UP,0.25,0.24,0.245,-0.010000000000000009
1767715953.154391,btc-updown-15m-1767715200,DOWN,0.76,0.75,0.755,-0.010000000000000009
1767715954.4956732,btc-updown-15m-1767715200,DOWN,0.78,0.77,0.775,-0.010000000000000009
1767715954.4964359,btc-updown-15m-1767715200,UP,0.23,0.22,0.225,-0.010000000000000009
1767715955.830678,btc-updown-15m-1767715200,UP,0.18,0.17,0.175,-0.009999999999999981
1767715955.845071,btc-updown-15m-1767715200,DOWN,0.83,0.82,0.825,-0.010000000000000009
1767715957.20113,btc-updown-15m-1767715200,UP,0.17,0.16,0.165,-0.010000000000000009
1767715957.201486,btc-updown-15m-1767715200,DOWN,0.84,0.83,0.835,-0.010000000000000009
1767715958.6714802,btc-updown-15m-1767715200,UP,0.16,0.14,0.15000000000000002,-0.01999999999999999
1767715958.6717818,btc-updown-15m-1767715200,DOWN,0.86,0.84,0.85,-0.020000000000000018
1767715960.0047412,btc-updown-15m-1767715200,DOWN,0.86,0.84,0.85,-0.020000000000000018
1767715960.005028,btc-updown-15m-1767715200,UP,0.16,0.14,0.15000000000000002,-0.01999999999999999
1767715961.344456,btc-updown-15m-1767715200,DOWN,0.86,0.84,0.85,-0.020000000000000018
1767715961.3446069,btc-updown-15m-1767715200,UP,0.16,0.14,0.15000000000000002,-0.01999999999999999
1767715962.687196,btc-updown-15m-1767715200,DOWN,0.85,0.84,0.845,-0.010000000000000009
1767715967.696011,btc-updown-15m-1767715200,DOWN,0.82,0.81,0.815,-0.009999999999999898
1767715967.696439,btc-updown-15m-1767715200,UP,0.18,0.17,0.175,-0.009999999999999981
1767715969.1786659,btc-updown-15m-1767715200,UP,0.17,0.16,0.165,-0.010000000000000009
1767715969.179069,btc-updown-15m-1767715200,DOWN,0.84,0.83,0.835,-0.010000000000000009
1767715970.5901282,btc-updown-15m-1767715200,DOWN,0.85,0.84,0.845,-0.010000000000000009
1767715970.590445,btc-updown-15m-1767715200,UP,0.16,0.15,0.155,-0.010000000000000009
1767715973.999149,btc-updown-15m-1767715200,DOWN,0.84,0.83,0.835,-0.010000000000000009
1767715973.999369,btc-updown-15m-1767715200,UP,0.14,0.13,0.135,-0.010000000000000009
1767715975.350494,btc-updown-15m-1767715200,UP,0.17,0.16,0.165,-0.010000000000000009
1767715975.3510132,btc-updown-15m-1767715200,DOWN,0.84,0.83,0.835,-0.010000000000000009
1767715976.6928031,btc-updown-15m-1767715200,UP,0.16,0.15,0.155,-0.010000000000000009
1767715976.693577,btc-updown-15m-1767715200,DOWN,0.85,0.84,0.845,-0.010000000000000009
1767715978.035286,btc-updown-15m-1767715200,DOWN,0.87,0.86,0.865,-0.010000000000000009
1767715978.035542,btc-updown-15m-1767715200,UP,0.14,0.13,0.135,-0.010000000000000009
1767715979.386135,btc-updown-15m-1767715200,DOWN,0.89,0.87,0.88,-0.020000000000000018
1767715979.386515,btc-updown-15m-1767715200,UP,0.13,0.11,0.12,-0.020000000000000004
1767715981.076662,btc-updown-15m-1767715200,DOWN,0.89,0.88,0.885,-0.010000000000000009
1767715981.077045,btc-updown-15m-1767715200,UP,0.12,0.11,0.11499999999999999,-0.009999999999999995
1767715982.540976,btc-updown-15m-1767715200,UP,0.17,0.16,0.165,-0.010000000000000009
1767715982.542015,btc-updown-15m-1767715200,DOWN,0.84,0.83,0.835,-0.010000000000000009
1767715983.990187,btc-updown-15m-1767715200,DOWN,0.84,0.83,0.835,-0.010000000000000009
1767715983.990528,btc-updown-15m-1767715200,UP,0.17,0.16,0.165,-0.010000000000000009
1767715985.324107,btc-updown-15m-1767715200,DOWN,0.85,0.83,0.84,-0.020000000000000018
1767715985.3485482,btc-updown-15m-1767715200,UP,0.17,0.15,0.16,-0.020000000000000018
1767715986.705615,btc-updown-15m-1767715200,UP,0.14,0.13,0.135,-0.010000000000000009
1767715986.705754,btc-updown-15m-1767715200,DOWN,0.87,0.86,0.865,-0.010000000000000009
1767715988.056712,btc-updown-15m-1767715200,DOWN,0.89,0.87,0.88,-0.020000000000000018
1767715988.059542,btc-updown-15m-1767715200,UP,0.13,0.11,0.12,-0.020000000000000004
1767715989.456924,btc-updown-15m-1767715200,UP,0.12,0.11,0.11499999999999999,-0.009999999999999995
1767715989.457406,btc-updown-15m-1767715200,DOWN,0.89,0.88,0.885,-0.010000000000000009
1767715991.036185,btc-updown-15m-1767715200,DOWN,0.86,0.85,0.855,-0.010000000000000009
1767715991.045643,btc-updown-15m-1767715200,UP,0.15,0.14,0.14500000000000002,-0.009999999999999981
1767715992.402675,btc-updown-15m-1767715200,DOWN,0.85,0.83,0.84,-0.020000000000000018
1767715992.403233,btc-updown-15m-1767715200,UP,0.17,0.15,0.16,-0.020000000000000018
1767715993.762691,btc-updown-15m-1767715200,DOWN,0.85,0.84,0.845,-0.010000000000000009
1767715993.76413,btc-updown-15m-1767715200,UP,0.16,0.15,0.155,-0.010000000000000009
1767715995.348584,btc-updown-15m-1767715200,UP,0.17,0.15,0.16,-0.020000000000000018
1767715995.348913,btc-updown-15m-1767715200,DOWN,0.85,0.84,0.845,-0.010000000000000009
1767715996.693284,btc-updown-15m-1767715200,DOWN,0.84,0.83,0.835,-0.010000000000000009
1767715996.69363,btc-updown-15m-1767715200,UP,0.17,0.16,0.165,-0.010000000000000009
1767715998.030155,btc-updown-15m-1767715200,UP,0.2,0.19,0.195,-0.010000000000000009
1767715998.030635,btc-updown-15m-1767715200,DOWN,0.81,0.8,0.805,-0.010000000000000009
1767715999.380407,btc-updown-15m-1767715200,DOWN,0.8,0.79,0.795,-0.010000000000000009
1767715999.381456,btc-updown-15m-1767715200,UP,0.21,0.2,0.20500000000000002,-0.009999999999999981
1767716000.717626,btc-updown-15m-1767715200,DOWN,0.81,0.8,0.805,-0.010000000000000009
1767716000.7178922,btc-updown-15m-1767715200,UP,0.2,0.19,0.195,-0.010000000000000009
1767716002.048658,btc-updown-15m-1767715200,UP,0.15,0.14,0.14500000000000002,-0.009999999999999981
1767716002.049091,btc-updown-15m-1767715200,DOWN,0.86,0.85,0.855,-0.010000000000000009
1767716003.4021828,btc-updown-15m-1767715200,UP,0.12,0.11,0.11499999999999999,-0.009999999999999995
1767716003.402524,btc-updown-15m-1767715200,DOWN,0.89,0.88,0.885,-0.010000000000000009
1767716004.736584,btc-updown-15m-1767715200,UP,0.12,0.1,0.11,-0.01999999999999999
1767716004.737201,btc-updown-15m-1767715200,DOWN,0.9,0.88,0.89,-0.020000000000000018
1767716006.0973282,btc-updown-15m-1767715200,UP,0.12,0.11,0.11499999999999999,-0.009999999999999995
1767716006.097591,btc-updown-15m-1767715200,DOWN,0.89,0.88,0.885,-0.010000000000000009
1767716007.452003,btc-updown-15m-1767715200,UP,0.12,0.11,0.11499999999999999,-0.009999999999999995
1767716007.4521542,btc-updown-15m-1767715200,DOWN,0.89,0.88,0.885,-0.010000000000000009
1767716008.810386,btc-updown-15m-1767715200,DOWN,0.9,0.89,0.895,-0.010000000000000009
1767716008.810766,btc-updown-15m-1767715200,UP,0.11,0.1,0.10500000000000001,-0.009999999999999995
1767716010.170033,btc-updown-15m-1767715200,DOWN,0.93,0.92,0.925,-0.010000000000000009
1767716010.170614,btc-updown-15m-1767715200,UP,0.08,0.07,0.07500000000000001,-0.009999999999999995
1767716011.5178711,btc-updown-15m-1767715200,UP,0.06,0.05,0.055,-0.009999999999999995
1767716011.5181801,btc-updown-15m-1767715200,DOWN,0.95,0.94,0.945,-0.010000000000000009
1767716012.856697,btc-updown-15m-1767715200,DOWN,0.96,0.95,0.955,-0.010000000000000009
1767716012.857883,btc-updown-15m-1767715200,UP,0.05,0.04,0.045,-0.010000000000000002
1767716014.207659,btc-updown-15m-1767715200,UP,0.05,0.04,0.045,-0.010000000000000002
1767716014.2081249,btc-updown-15m-1767715200,DOWN,0.96,0.95,0.955,-0.010000000000000009
1767716015.543503,btc-updown-15m-1767715200,UP,0.05,0.04,0.045,-0.010000000000000002
1767716015.544018,btc-updown-15m-1767715200,DOWN,0.96,0.95,0.955,-0.010000000000000009
1767716016.908525,btc-updown-15m-1767715200,DOWN,0.96,0.95,0.955,-0.010000000000000009
1767716016.908973,btc-updown-15m-1767715200,UP,0.05,0.04,0.045,-0.010000000000000002
1767716018.2418392,btc-updown-15m-1767715200,UP,0.05,0.04,0.045,-0.010000000000000002
1767716018.2422998,btc-updown-15m-1767715200,DOWN,0.96,0.95,0.955,-0.010000000000000009
1767716019.62852,btc-updown-15m-1767715200,DOWN,0.97,0.96,0.965,-0.010000000000000009
1767716019.62875,btc-updown-15m-1767715200,UP,0.04,0.03,0.035,-0.010000000000000002
1767716020.9718888,btc-updown-15m-1767715200,DOWN,0.98,0.97,0.975,-0.010000000000000009
1767716020.972631,btc-updown-15m-1767715200,UP,0.03,0.02,0.025,-0.009999999999999998
1767716022.329515,btc-updown-15m-1767715200,UP,0.03,0.02,0.025,-0.009999999999999998
1767716022.3296351,btc-updown-15m-1767715200,DOWN,0.98,0.97,0.975,-0.010000000000000009
1767716023.6667929,btc-updown-15m-1767715200,DOWN,0.99,0.98,0.985,-0.010000000000000009
1767716023.66718,btc-updown-15m-1767715200,UP,0.02,0.01,0.015,-0.01
1767716025.01727,btc-updown-15m-1767715200,DOWN,0.99,0.98,0.985,-0.010000000000000009
1767716025.0179808,btc-updown-15m-1767715200,UP,0.02,0.01,0.015,-0.01
1767716026.7091358,btc-updown-15m-1767715200,DOWN,0.99,0.98,0.985,-0.010000000000000009
1767716026.709993,btc-updown-15m-1767715200,UP,0.02,0.01,0.015,-0.01
1767716028.067345,btc-updown-15m-1767715200,DOWN,0.99,0.98,0.985,-0.010000000000000009
1767716028.067693,btc-updown-15m-1767715200,UP,0.02,0.01,0.015,-0.01
1767716029.402087,btc-updown-15m-1767715200,UP,0.02,0.01,0.015,-0.01
1767716029.402376,btc-updown-15m-1767715200,DOWN,0.99,0.98,0.985,-0.010000000000000009
1767716030.7389271,btc-updown-15m-1767715200,DOWN,0.99,0.98,0.985,-0.010000000000000009
1767716030.739317,btc-updown-15m-1767715200,UP,0.02,0.01,0.015,-0.01
1767716032.340529,btc-updown-15m-1767715200,DOWN,0.99,0.98,0.985,-0.010000000000000009
1767716032.341103,btc-updown-15m-1767715200,UP,0.02,0.01,0.015,-0.01
1767716033.6849961,btc-updown-15m-1767715200,UP,0.01,0.0,0.005,-0.01
1767716033.702389,btc-updown-15m-1767715200,DOWN,1.0,0.99,0.995,-0.010000000000000009
1767716035.041539,btc-updown-15m-1767715200,UP,0.01,0.0,0.005,-0.01
1767716035.042161,btc-updown-15m-1767715200,DOWN,1.0,0.99,0.995,-0.010000000000000009
1767716036.384937,btc-updown-15m-1767715200,UP,0.01,0.0,0.005,-0.01
1767716036.3850582,btc-updown-15m-1767715200,DOWN,1.0,0.99,0.995,-0.010000000000000009
1767716037.7443998,btc-updown-15m-1767715200,DOWN,1.0,0.99,0.995,-0.010000000000000009
1767716037.7448452,btc-updown-15m-1767715200,UP,0.01,0.0,0.005,-0.01
1767716039.07564,btc-updown-15m-1767715200,DOWN,1.0,0.99,0.995,-0.010000000000000009
1767716039.076139,btc-updown-15m-1767715200,UP,0.01,0.0,0.005,-0.01
1767716040.425287,btc-updown-15m-1767715200,DOWN,1.0,0.99,0.995,-0.010000000000000009
1767716040.425863,btc-updown-15m-1767715200,UP,0.01,0.0,0.005,-0.01
1767716041.7850518,btc-updown-15m-1767715200,UP,0.01,0.0,0.005,-0.01
1767716041.786073,btc-updown-15m-1767715200,DOWN,1.0,0.99,0.995,-0.010000000000000009
1767716043.141331,btc-updown-15m-1767715200,UP,0.01,0.0,0.005,-0.01
1767716043.141699,btc-updown-15m-1767715200,DOWN,1.0,0.99,0.995,-0.010000000000000009
1767716044.475898,btc-updown-15m-1767715200,DOWN,1.0,0.99,0.995,-0.010000000000000009
1767716044.476341,btc-updown-15m-1767715200,UP,0.01,0.0,0.005,-0.01
1767716045.8341272,btc-updown-15m-1767715200,UP,0.01,0.0,0.005,-0.01
1767716045.834676,btc-updown-15m-1767715200,DOWN,1.0,0.99,0.995,-0.010000000000000009
1767716047.2904608,btc-updown-15m-1767715200,DOWN,1.0,0.99,0.995,-0.010000000000000009
1767716047.290507,btc-updown-15m-1767715200,UP,0.01,0.0,0.005,-0.01
1767716048.643265,btc-updown-15m-1767715200,UP,0.01,0.0,0.005,-0.01
1767716048.644471,btc-updown-15m-1767715200,DOWN,1.0,0.99,0.995,-0.010000000000000009
1767716050.810681,btc-updown-15m-1767715200,UP,0.01,0.0,0.005,-0.01
1767716050.8109639,btc-updown-15m-1767715200,DOWN,1.0,0.99,0.995,-0.010000000000000009
1767716052.145628,btc-updown-15m-1767715200,DOWN,0.99,0.97,0.98,-0.020000000000000018
1767716052.1459908,btc-updown-15m-1767715200,UP,0.03,0.01,0.02,-0.019999999999999997
1767716053.759634,btc-updown-15m-1767715200,UP,0.01,0.0,0.005,-0.01
1767716053.759928,btc-updown-15m-1767715200,DOWN,1.0,0.99,0.995,-0.010000000000000009
1767716055.133814,btc-updown-15m-1767715200,DOWN,1.0,0.99,0.995,-0.010000000000000009
1767716055.1341062,btc-updown-15m-1767715200,UP,0.01,0.0,0.005,-0.01
1767716056.496078,btc-updown-15m-1767715200,DOWN,1.0,0.99,0.995,-0.010000000000000009
1767716056.4967942,btc-updown-15m-1767715200,UP,0.01,0.0,0.005,-0.01
1767716057.9271832,btc-updown-15m-1767715200,DOWN,1.0,0.99,0.995,-0.010000000000000009
1767716057.927441,btc-updown-15m-1767715200,UP,0.01,0.0,0.005,-0.01
1767716059.4393868,btc-updown-15m-1767715200,UP,0.01,0.0,0.005,-0.01
1767716059.439729,btc-updown-15m-1767715200,DOWN,1.0,0.99,0.995,-0.010000000000000009
1767716060.9858902,btc-updown-15m-1767715200,DOWN,1.0,0.99,0.995,-0.010000000000000009
1767716060.986326,btc-updown-15m-1767715200,UP,0.01,0.0,0.005,-0.01
1767716062.3332322,btc-updown-15m-1767715200,UP,0.01,0.0,0.005,-0.01
1767716062.333927,btc-updown-15m-1767715200,DOWN,1.0,0.99,0.995,-0.010000000000000009
1767716063.6844008,btc-updown-15m-1767715200,DOWN,1.0,0.99,0.995,-0.010000000000000009
1767716063.6858308,btc-updown-15m-1767715200,UP,0.01,0.0,0.005,-0.01
1767716065.052108,btc-updown-15m-1767715200,DOWN,1.0,0.99,0.995,-0.010000000000000009
1767716065.052577,btc-updown-15m-1767715200,UP,0.01,0.0,0.005,-0.01
1767716066.751501,btc-updown-15m-1767715200,DOWN,1.0,0.99,0.995,-0.010000000000000009
1767716066.7534049,btc-updown-15m-1767715200,UP,0.01,0.0,0.005,-0.01
1767716068.1108139,btc-updown-15m-1767715200,DOWN,1.0,0.99,0.995,-0.010000000000000009
1767716068.11112,btc-updown-15m-1767715200,UP,0.01,0.0,0.005,-0.01
1767716069.469322,btc-updown-15m-1767715200,DOWN,1.0,0.99,0.995,-0.010000000000000009
1767716069.4697568,btc-updown-15m-1767715200,UP,0.01,0.0,0.005,-0.01
1767716070.856338,btc-updown-15m-1767715200,DOWN,1.0,0.99,0.995,-0.010000000000000009
1767716070.8569002,btc-updown-15m-1767715200,UP,0.01,0.0,0.005,-0.01
1767716072.2127428,btc-updown-15m-1767715200,UP,0.01,0.0,0.005,-0.01
1767716072.214411,btc-updown-15m-1767715200,DOWN,1.0,0.99,0.995,-0.010000000000000009
1767716073.578143,btc-updown-15m-1767715200,UP,0.01,0.0,0.005,-0.01
1767716073.578521,btc-updown-15m-1767715200,DOWN,1.0,0.99,0.995,-0.010000000000000009
1767716074.918207,btc-updown-15m-1767715200,DOWN,1.0,0.99,0.995,-0.010000000000000009
1767716074.918745,btc-updown-15m-1767715200,UP,0.01,0.0,0.005,-0.01
1767716076.264405,btc-updown-15m-1767715200,DOWN,1.0,0.99,0.995,-0.010000000000000009
1767716076.264786,btc-updown-15m-1767715200,UP,0.01,0.0,0.005,-0.01
1767716077.621801,btc-updown-15m-1767715200,DOWN,1.0,0.99,0.995,-0.010000000000000009
1767716077.622178,btc-updown-15m-1767715200,UP,0.01,0.0,0.005,-0.01
1767716078.9629068,btc-updown-15m-1767715200,UP,0.01,0.0,0.005,-0.01
1767716078.9634,btc-updown-15m-1767715200,DOWN,1.0,0.99,0.995,-0.010000000000000009
1767716080.5660532,btc-updown-15m-1767715200,DOWN,1.0,0.99,0.995,-0.010000000000000009
1767716080.566648,btc-updown-15m-1767715200,UP,0.01,0.0,0.005,-0.01
1767716081.949632,btc-updown-15m-1767715200,UP,0.01,0.0,0.005,-0.01
1767716081.949949,btc-updown-15m-1767715200,DOWN,1.0,0.99,0.995,-0.010000000000000009
1767716083.3655071,btc-updown-15m-1767715200,UP,0.01,0.0,0.005,-0.01
1767716083.366085,btc-updown-15m-1767715200,DOWN,1.0,0.99,0.995,-0.010000000000000009
1767716085.369823,btc-updown-15m-1767715200,DOWN,1.0,0.99,0.995,-0.010000000000000009
1767716085.370205,btc-updown-15m-1767715200,UP,0.01,0.0,0.005,-0.01
1767716086.78632,btc-updown-15m-1767715200,DOWN,1.0,0.99,0.995,-0.010000000000000009
1767716086.7869859,btc-updown-15m-1767715200,UP,0.01,0.0,0.005,-0.01
1767716088.140694,btc-updown-15m-1767715200,DOWN,1.0,0.99,0.995,-0.010000000000000009
1767716088.141315,btc-updown-15m-1767715200,UP,0.01,0.0,0.005,-0.01
1767716089.696308,btc-updown-15m-1767715200,UP,0.01,0.0,0.005,-0.01
1767716089.6966138,btc-updown-15m-1767715200,DOWN,1.0,0.99,0.995,-0.010000000000000009
1767716091.0732439,btc-updown-15m-1767715200,UP,0.01,0.0,0.005,-0.01
1767716091.0737422,btc-updown-15m-1767715200,DOWN,1.0,0.99,0.995,-0.010000000000000009
1767716092.620152,btc-updown-15m-1767715200,DOWN,1.0,0.99,0.995,-0.010000000000000009
1767716092.62054,btc-updown-15m-1767715200,UP,0.01,0.0,0.005,-0.01
1767716093.9555671,btc-updown-15m-1767715200,UP,0.01,0.0,0.005,-0.01
1767716093.955876,btc-updown-15m-1767715200,DOWN,1.0,0.99,0.995,-0.010000000000000009
1767716095.298911,btc-updown-15m-1767715200,UP,0.01,0.0,0.005,-0.01
1767716095.299689,btc-updown-15m-1767715200,DOWN,1.0,0.99,0.995,-0.010000000000000009
1767716096.9537768,btc-updown-15m-1767715200,DOWN,1.0,0.99,0.995,-0.010000000000000009
1767716096.9540448,btc-updown-15m-1767715200,UP,0.01,0.0,0.005,-0.01
1767716098.329022,btc-updown-15m-1767715200,DOWN,1.0,0.99,0.995,-0.010000000000000009
1767716098.329542,btc-updown-15m-1767715200,UP,0.01,0.0,0.005,-0.01
1767716099.665534,btc-updown-15m-1767715200,DOWN,1.0,0.99,0.995,-0.010000000000000009
1767716099.666079,btc-updown-15m-1767715200,UP,0.01,0.0,0.005,-0.01
1767716101.000463,btc-updown-15m-1767715200,UP,0.01,0.0,0.005,-0.01
1767716101.00123,btc-updown-15m-1767715200,DOWN,1.0,0.99,0.995,-0.010000000000000009
1767716102.3552861,btc-updown-15m-1767715200,DOWN,1.0,0.99,0.995,-0.010000000000000009
